filename,gender,speaker,gradelevel,sentence,modification,intensity,f0,f1,f2,f3,snr,spr,score,accuracy,insertion,deletion,substitution,words
FADF1AA2,F,ADF,1,AA,2,60.29,241.09,1104.45,2820.48,4249.05,2.5581,7.023411,6.6,0.6,0,3,1,10
FADF1AB2,F,ADF,1,AB,2,58.83,247.62,1141.55,2824.35,4152.87,11.8997,2.702703,6.42,0.8,2,0,1,5
FADF1AC2,F,ADF,1,AC,2,51.77,237.96,1541.78,3017.6,4340.97,-40,3.095238,6.77,0,0,1,2,5
FADF1AD2,F,ADF,1,AD,2,53.59,253.96,1439.93,2910.6,4215.24,-3.1453,2.75,7.59,0.6,0,1,1,5
FADF1AE2,F,ADF,1,AE,2,60.52,248.55,1232.77,2801.45,4119.83,-1.9062,7.926829,6.69,0.67,0,2,1,9
FADF1AF2,F,ADF,1,AF,2,63.36,247.65,1392.62,2896.62,4329.7,-0.541,3.861004,6.01,0.5,0,2,1,6
FADF1AG2,F,ADF,1,AG,2,59.01,247.17,1485.41,3026.09,4348.63,18.5481,3.457447,5.72,0.6,0,5,1,20
FADF1AH2,F,ADF,1,AH,2,60.52,237.16,1008.88,2590.92,4414.54,-40,7.272727,5.34,0.33,0,2,1,3
FADF1AI2,F,ADF,1,AI,2,59.42,226.05,1161.2,2803.54,4340.04,-1.4385,4.784689,6.31,0.6,0,0,2,5
FADF1AJ2,F,ADF,1,AJ,2,59.81,248.93,1308.45,2889.86,4322.34,8.6802,6.882591,6.17,0.71,0,2,0,7
FADF1AK2,F,ADF,1,AK,2,58.7,249.06,1379.15,2799.55,4279.81,17.6808,4.761905,6.44,0.63,0,2,1,8
FADF1AL2,F,ADF,1,AL,2,58.26,242.52,1215.32,2780.83,4324.94,10.4675,7.763975,6.73,0.86,0,1,2,7
FADF1AM2,F,ADF,1,AM,2,59.84,246.03,1224.38,2856.16,4226.18,11.2455,3.97878,5.96,0.29,0,2,2,7
FADF1AN2,F,ADF,1,AN,2,56.73,254.1,1320.66,2758.49,4245.31,8.3155,1.970443,5.8,0.2,3,0,4,5
FADF1AO2,F,ADF,1,AO,2,54.08,239.39,1457.24,2804.11,4037.73,8.0009,2.8,6.51,0.57,0,1,3,7
FADF1AP2,F,ADF,1,AP,2,58.68,232.5,1509.64,2959.15,4205.96,17.4857,3.73494,6.29,0.6,0,5,1,15
FADF1AQ2,F,ADF,1,AQ,2,60.36,242.38,1636.69,2964.82,4257.99,19.999,1.913043,5.23,0.67,0,2,0,6
FADF1AR2,F,ADF,1,AR,2,61.07,233.76,1373.53,2877.05,4394.52,10.2614,5.105105,7.55,0.43,1,1,1,7
FADF1AS2,F,ADF,1,AS,2,59.16,230.88,1400.11,3143.52,4390.27,19.6361,5.218855,5.56,0.77,0,3,0,13
FADF1AT2,F,ADF,1,AT,2,61.4,229.38,1315.22,2862.35,4152.56,5.2638,3.759398,5.69,0.5,0,2,1,8
FADF1AU2,F,ADF,1,AU,2,61.88,255.55,1188.69,2902.86,4241.25,9.2736,6.551724,6.43,1,0,0,0,8
FADF1AV2,F,ADF,1,AV,2,62.77,264.33,1439.03,3053.56,4315.31,2.2483,4.074074,1,0.5,0,0,1,4
FADF1AW2,F,ADF,1,AW,2,59.93,221.42,1381.51,2775.88,4103.25,13.5587,2.181818,6.08,0.67,0,1,0,6
FADF1AX2,F,ADF,1,AX,2,58.08,247.1,1386.95,2799.4,4142.52,-0.9797,2.745098,1,0.5,1,0,3,6
FADF1AY2,F,ADF,1,AY,2,60.87,228.91,1113.6,2694.39,4210,-40,9.655172,7.89,1,0,0,0,7
FADF1AZ2,F,ADF,1,AZ,2,58.85,251.97,1560.4,3257.71,4572.16,4.0505,7.03125,4.91,0.5,0,0,1,2
FADF1BA2,F,ADF,1,BA,2,60.14,237.85,1303.49,2996.93,4228.71,18.196,5.921053,5.61,0.75,0,2,1,12
FADF1BB2,F,ADF,1,BB,2,56.66,246.28,1110.99,3023.64,4213.52,-1.508,8.196721,6.42,0.88,0,1,0,8
FADF1BC2,F,ADF,1,BC,2,58.49,235.6,1446.75,3041.9,4212.52,12.0658,2.833333,5.27,0.5,0,1,3,8
FADF1BD2,F,ADF,1,BD,2,62.05,241.96,1350.09,2879.71,4365.77,3.2113,4.358354,6.72,0.57,0,2,1,7
FADF1BE2,F,ADF,1,BE,2,60.59,240.75,1247.18,2907.21,4172.9,17.497,2.917772,1,0.67,0,1,1,12
FADF1BF2,F,ADF,1,BF,2,56.2,227.57,1532.61,3085.47,4353.44,4.8099,2.352941,5.37,0.5,0,0,4,8
FADF1BG2,F,ADF,1,BG,2,62.36,224.64,1187.51,2963.82,4316.99,-2.6707,6.426735,7.01,0.56,0,1,1,9
FADF1BH2,F,ADF,1,BH,2,60.38,221.52,1097.8,2817.18,4082.06,8.6411,5.733945,6.73,0.6,0,2,3,10
FADF1BI2,F,ADF,1,BI,2,63.47,238.51,1346.83,2900.62,4198.25,10.6135,4.896142,5.93,0.77,0,1,2,13
FADF1BJ2,F,ADF,1,BJ,2,58.8,232,1413.21,2849.88,4269.64,11.765,7.024793,7.2,0.88,0,1,0,8
FADF1BK2,F,ADF,1,BK,2,60.07,228.77,1301.96,2897.84,4318.34,-1.4145,3.549061,6.7,0.45,0,2,2,11
FADF1BL2,F,ADF,1,BL,2,63.68,235.52,1244.03,2734.64,4200.38,11.1237,4.878049,4.4,0.5,0,2,1,6
FADF1BM2,F,ADF,1,BM,2,66.13,210.47,1258.66,2834.07,4114.99,20.4781,6.391753,5.87,0.69,0,2,2,13
FADF1BN2,F,ADF,1,BN,2,65.53,224.46,1120.66,2931.15,4222.14,8.8192,6.760563,6.38,0.7,1,0,4,10
FADF1BO2,F,ADF,1,BO,2,63.64,249.37,1453.36,3158.8,4348.73,13.0175,4.089219,7.2,0.5,0,1,2,6
FADF1BP2,F,ADF,1,BP,2,59.71,235.14,1454.65,3016.33,4306.26,13.5526,3.364486,5.92,0.33,0,2,4,9
FADF1BQ2,F,ADF,1,BQ,2,61.31,220.61,889.8,2801.49,4025.01,-0.9197,9.872611,5.43,0.75,0,2,4,8
FADF1BR2,F,ADF,1,BR,2,64.1,244.91,1277.69,2984.65,4426.85,11.3765,3.468208,5.76,0.67,0,1,1,6
FADF1BS2,F,ADF,1,BS,2,59.38,237.45,1384.69,2955.49,4315.91,17.2063,7.142857,6.52,0.65,0,5,2,17
FADF1BT2,F,ADF,1,BT,2,62.16,235.59,1151.51,2874.14,4203.85,-0.1364,6.606607,6.48,0.73,0,2,2,11
FADF1BU2,F,ADF,1,BU,2,55.34,233.68,1513.37,3018.24,4262.03,13.4878,2.226862,6.3,0.44,0,2,7,18
FADF1BV2,F,ADF,1,BV,2,57.87,251.53,1495.48,3060.51,4380.61,12.9386,3.108808,1,0.42,0,2,4,12
FADF1BW2,F,ADF,1,BW,2,61.74,229.19,1220.96,2984.08,4202.84,12.3507,3.871829,5.13,0.38,0,3,3,13
FADF1BX2,F,ADF,1,BX,2,62.32,239.77,1241.3,2927.45,4241.18,22.7075,3.603604,6.05,0.75,0,0,1,8
FADF1BY2,F,ADF,1,BY,2,63.34,215.33,1242.63,2877.85,4217.59,2.078,4.296875,5.59,0.83,0,2,2,6
FADF1BZ2,F,ADF,1,BZ,2,65.27,236.26,1052.45,2639.34,4047.66,-0.7115,8.333333,6.6,0.67,0,2,0,6
FADF1CA2,F,ADF,1,CA,2,64.5,228.9,981.59,2813.22,4092.87,13.4357,3.514377,5.73,0.56,0,3,2,9
FADF1CB2,F,ADF,1,CB,2,63.08,237.94,1101.97,2735.82,4049.41,16.6261,6.145251,6.6,0.86,0,1,0,7
FADF1CC2,F,ADF,1,CC,2,58.15,242.63,1521.25,2922.87,4167.77,-1.9643,2.111111,6.9,0.33,0,2,4,9
FADF1CD2,F,ADF,1,CD,2,61.78,236.8,1776,3205.13,4372.29,-40,4.455446,5.59,0.4,0,2,1,5
FADF1CE2,F,ADF,1,CE,2,58.66,250.84,1341.57,2949.99,4085.67,14.8481,2.838428,6.28,0.71,0,1,1,7
FADF1CF2,F,ADF,1,CF,2,61.76,222.8,1047.37,2800.06,4203.22,-1.5976,5.652174,6.55,0.33,0,1,3,6
FADF1CG2,F,ADF,1,CG,2,60.21,238.54,1257.64,2978.27,4236.43,16.4295,4.096386,6.35,0.56,0,1,5,9
FADF1CH2,F,ADF,1,CH,2,61.83,241.38,1324.26,3033.58,4210.24,7.6219,4.977376,5.73,0.63,0,1,2,8
FADF1CI2,F,ADF,1,CI,2,60.89,240.96,1452.35,2978.3,4348.28,5.586,5.722892,6.49,0.57,0,1,2,7
FADF1CJ2,F,ADF,1,CJ,2,59.65,236.94,1380.64,2978.45,4313.63,15.2477,3.351206,5.69,0.62,0,1,4,13
FADF1CK2,F,ADF,1,CK,2,57.52,240.27,1427.53,2970.71,4277.46,17.4588,2.140221,4.88,0.38,1,3,6,13
FADF1CL2,F,ADF,1,CL,2,60.69,224.16,1208.36,2849.6,4180.59,15.7648,1.942646,1,0.5,3,1,4,12
FADF1CM2,F,ADF,1,CM,2,57.01,230.05,1439.05,2956.62,4217.07,10.1015,4.032258,6.78,0.29,0,3,2,7
FADF1CN2,F,ADF,1,CN,2,61.8,225.85,1104.02,2725.18,4084.28,15.4791,7.361963,5.68,0.69,0,4,3,16
FADF1CO2,F,ADF,1,CO,2,60.14,251.97,1219.7,2865.67,4235.86,6.2842,7.373272,6.77,0.73,0,2,1,11
FADF1CP2,F,ADF,1,CP,2,59.62,235.33,1227.87,2858.75,4337.51,0.3439,5.444646,5.98,0.71,0,2,4,14
FADF1CQ2,F,ADF,1,CQ,2,63.58,243.46,1040.87,2856.52,4231,8.7082,7.860262,5.98,0.83,0,2,1,12
FADF1CR2,F,ADF,1,CR,2,60.42,221.77,1037.95,2669.5,4111.8,-2.7904,6.609195,6.22,0.43,0,1,3,7
FADF1CS2,F,ADF,1,CS,2,61.4,225.86,1265.83,2835.83,4175.64,12.2748,5.555556,5.72,0.6,0,2,6,15
FADF1CT2,F,ADF,1,CT,2,60.18,238.14,1152.53,2720.69,4158.76,3.0343,5.633803,4.65,0.4,0,4,3,10
FADF1CU2,F,ADF,1,CU,2,59.83,244.37,1538.2,2943.39,4249.59,10.5166,1.428571,7.15,0.63,3,1,2,8
FAHJ1AA2,F,AHJ,1,AA,2,64.88,241.88,1209.16,2841.81,4454.2,5.5701,5.200946,6.27,0.67,0,2,1,9
FAHJ1AB2,F,AHJ,1,AB,2,61.05,241.26,1272.8,2912.74,4404.76,-1.6627,3.448276,6.45,0.57,0,1,2,7
FAHJ1AC2,F,AHJ,1,AC,2,64.06,243.16,1712.99,2880.61,4525.93,2.6753,2.531646,6.57,0.15,0,8,3,13
FAHJ1AD2,F,AHJ,1,AD,2,61.26,254.04,1407.01,2751.12,4217.69,2.2884,2.340426,7.49,0.6,0,1,1,5
FAHJ1AE2,F,AHJ,1,AE,2,64.79,233.46,1582.17,3031.3,4413.08,7.5037,5.970149,7.09,0.71,0,1,1,7
FAHJ1AF2,F,AHJ,1,AF,2,66.12,247.39,1426.27,2858.26,4314.14,0.2958,5.025126,7.49,0.5,0,2,1,6
FAHJ1AG2,F,AHJ,1,AG,2,65.88,245.97,1509.87,2983.17,4421.13,12.9605,4.911839,6.7,0.68,0,4,2,19
FAHJ1AH2,F,AHJ,1,AH,2,65.89,233.85,1325.68,2923.94,4427.2,6.0598,4.878049,5.7,0.4,0,3,0,5
FAHJ1AI2,F,AHJ,1,AI,2,67.63,254.32,1343,2897.81,4405.39,8.9986,5.681818,6.92,0.5,0,2,1,6
FAHJ1AJ2,F,AHJ,1,AJ,2,67.54,250.71,1593.17,2820.6,4274.13,9.7522,7.20339,6.81,0.71,0,2,0,7
FAHJ1AK2,F,AHJ,1,AK,2,67.09,256.11,1568.01,2902.16,4431.25,5.2935,5.172414,7.37,0.63,0,2,1,8
FAHJ1AL2,F,AHJ,1,AL,2,65.14,252.9,1607.84,2978.64,4503.67,22.1527,4.061896,6.04,0.44,0,7,2,16
FAHJ1AM2,F,AHJ,1,AM,2,67.03,244.19,1431.74,2834.39,4418.66,10.52,7.051282,6.61,0.38,0,2,3,8
FAHJ1AN2,F,AHJ,1,AN,2,62.61,241.21,1638.21,3099.78,4543.61,20.3418,1.265823,6.23,0.3,1,1,4,10
FAHJ1AO2,F,AHJ,1,AO,2,68.89,245.76,1402.48,2863.09,4485.8,13.2132,5.424528,6.6,0.56,0,6,1,16
FAHJ1AP2,F,AHJ,1,AP,2,65.16,244.4,1443.25,2868.94,4476.79,8.9841,7.407407,6.5,0.11,0,3,4,9
FAHJ1AQ2,F,AHJ,1,AQ,2,64.23,251.88,1495.05,3006.82,4532.75,-2.3978,4.146341,5.37,0.67,0,2,1,9
FAHJ1AR2,F,AHJ,1,AR,2,65.59,241.4,1318.21,2892.44,4479.26,13.4212,3.856041,5.72,0.56,0,2,3,9
FAHJ1AS2,F,AHJ,1,AS,2,63.59,247.75,1729.73,3146.86,4569.08,6.9901,4.046243,6.28,0.69,0,3,3,13
FAHJ1AT2,F,AHJ,1,AT,2,67.8,259.32,1359.63,2865.62,4480.2,9.4661,4.43038,7.02,0.75,0,2,0,8
FAHJ1AU2,F,AHJ,1,AU,2,66.43,263.05,1420.59,2995.18,4490.04,11.6742,5.474453,5.74,0.75,0,1,2,12
FAHJ1AV2,F,AHJ,1,AV,2,67.11,252.92,1474.78,3055.87,4510.87,9.9679,6.080207,6.6,0.46,0,12,3,28
FAHJ1AW2,F,AHJ,1,AW,2,66.29,250.49,1378.3,2734.72,4368.4,8.2668,7.509881,6.64,0.57,0,2,1,7
FAHJ1AX2,F,AHJ,1,AX,2,62.46,235.3,1120.24,2804.96,4601.22,-40,0,6.6,0,0,1,2,3
FAHJ1AY2,F,AHJ,1,AY,2,66.82,247.41,1441.52,2932.69,4556.87,6.8927,7.900677,7.65,0.82,0,1,1,11
FAHJ1AZ2,F,AHJ,1,AZ,2,63.95,234.19,1730.81,3096.07,4619.05,13.7488,3.118503,7,0.64,0,3,3,11
FAHJ1BA2,F,AHJ,1,BA,2,65.84,251.83,1596.97,3027.01,4498.04,14.6781,5.536913,5.85,0.62,0,3,2,13
FAHJ1BB2,F,AHJ,1,BB,2,64.32,259.44,1686.96,3088.8,4494.14,23.2902,4.025424,3.31,0.53,0,7,0,15
FAHJ1BC2,F,AHJ,1,BC,2,67.38,258.05,1643.01,2949.77,4474.7,0.3178,5.309735,6.42,0.75,0,1,2,8
FAHJ1BD2,F,AHJ,1,BD,2,65.67,257.33,1392.56,2800.55,4515.12,4.1406,5.980066,7.51,0.83,0,1,0,6
FAHJ1BE2,F,AHJ,1,BE,2,66.2,255.7,1641.67,3008.49,4435.91,17.5153,3.874814,6.47,0.36,0,3,3,14
FAHJ1BF2,F,AHJ,1,BF,2,68.57,256.91,1435.1,2963.07,4465.99,7.5285,8.095238,6.46,0.48,0,11,1,21
FAHJ1BG2,F,AHJ,1,BG,2,68.51,255.3,1441.57,2984.62,4454.49,10.821,5.494505,6.69,0.54,0,5,3,13
FAHJ1BH2,F,AHJ,1,BH,2,65.06,259.84,1410.74,2729.85,4424.19,9.7849,5.722892,6.56,0.54,0,5,4,13
FAHJ1BI2,F,AHJ,1,BI,2,65.75,251.92,1581.74,2936.87,4534.62,14.5521,6.692913,6.63,0.85,0,2,0,13
FAHJ1BJ2,F,AHJ,1,BJ,2,64.97,251.18,1352.85,2928.87,4512.07,0.7383,8.358209,6.95,0.71,0,2,0,7
FAHJ1BK2,F,AHJ,1,BK,2,66.02,257.65,1431.43,3051.3,4543.55,11.9415,7.551487,6.84,0.82,0,2,0,11
FAHJ1BL2,F,AHJ,1,BL,2,65.28,250.5,1453.18,2833.39,4436.7,3.134,7.19697,7.03,0.57,0,3,0,7
FAHJ1BM2,F,AHJ,1,BM,2,66.55,255.85,1551.83,3113.99,4571.04,8.4392,8.121827,6.92,0.53,0,6,3,17
FAHJ1BN2,F,AHJ,1,BN,2,66.48,247.97,1521.62,3051.43,4468.96,10.2889,6.431535,6.95,0.47,0,9,0,19
FAHJ1BO2,F,AHJ,1,BO,2,64.85,233.93,1753.45,3230.5,4719.82,8.9969,7.906977,7.56,0.5,0,5,0,10
FAHJ1BP2,F,AHJ,1,BP,2,62.61,241.09,1264.37,2780.57,4272.75,19.0951,3.413655,5.35,0.5,0,4,1,10
FAHJ1BQ2,F,AHJ,1,BQ,2,61.94,245.56,1508.31,3066.04,4421.79,-2.7967,7.5,6.75,0.36,0,6,3,14
FAHJ1BR2,F,AHJ,1,BR,2,65.57,246.44,1717.28,3159.55,4553.68,7.2098,5.116279,6.29,0.38,0,3,1,8
FAHJ1BS2,F,AHJ,1,BS,2,63.93,253.4,1466.02,3080.47,4393.63,15.3385,5.442177,7.12,0.44,0,6,3,18
FAHJ1BT2,F,AHJ,1,BT,2,65.1,244.17,1429.52,2967.4,4500.5,-7.2859,6.790123,7.13,0.55,0,2,3,11
FAHJ1BU2,F,AHJ,1,BU,2,62.19,242.16,1433.83,2852.51,4284.32,15.3927,3.550296,5.79,0.43,0,12,1,23
FAHJ1BV2,F,AHJ,1,BV,2,64.56,249.09,1513.84,2927.7,4376.51,4.5647,5.474453,6.31,0.42,0,6,1,12
FAHJ1BW2,F,AHJ,1,BW,2,65.98,246.3,1255.79,2827.81,4344.36,-3.0017,7.360406,6.57,0.53,0,6,1,15
FAHJ1BX2,F,AHJ,1,BX,2,63.86,235.87,1183.18,2686.31,4173.62,13.0565,5.594406,7.02,0.67,0,2,1,9
FAHJ1BY1,F,AHJ,1,BY,1,64.85,240.62,1414.5,2951.08,4538.95,-0.0852,9.677419,5.94,0.8,0,0,2,5
FAHJ1BZ2,F,AHJ,1,BZ,2,58.93,234.95,1616.15,2974.99,4401.91,6.2191,2.727273,7.92,0.67,0,2,0,6
FAHJ1CA2,F,AHJ,1,CA,2,62.84,217.33,1578.71,3063.02,4455.52,15.3756,6.018519,7.54,0.41,0,8,1,17
FAHJ1CB1,F,AHJ,1,CB,1,65.94,261.9,1424.86,3053.61,4459.94,-0.8291,7.333333,2.89,0.83,0,0,1,6
FAHJ1CC2,F,AHJ,1,CC,2,64.9,253.15,1560.49,3152.88,4471.28,27.5851,5.252101,7.12,0.53,0,7,1,15
FAHJ1CD2,F,AHJ,1,CD,2,66.29,246.45,1311.78,3011.47,4351.73,3.8551,3.383459,5.23,0.43,0,2,0,7
FAHJ1CE2,F,AHJ,1,CE,2,61.02,257.27,1464.68,2903.22,4222.62,17.0471,1.610018,5.76,0.38,0,1,4,8
FAHJ1CF2,F,AHJ,1,CF,2,63.23,255.05,1312.16,2788.67,4212.06,18.7564,3.194103,6.69,0.44,0,3,2,9
FAHJ1CG1,F,AHJ,1,CG,1,63.83,246.11,1628.25,3066.67,4416.28,4.2036,7.073955,6.52,0.63,0,1,3,8
FAHJ1CH2,F,AHJ,1,CH,2,66.16,251.77,1430.39,2793.19,4268.12,4.343,3.355705,6.59,0.31,0,6,3,13
FAHJ1CI2,F,AHJ,1,CI,2,63.55,248.36,1347.61,2841.2,4160.68,15.2267,2.766798,5.76,0.57,0,2,1,7
FAHJ1CJ2,F,AHJ,1,CJ,2,64.77,238.88,1403.81,2864.29,4293.37,26.3433,4.847645,6.64,0.71,0,4,1,17
FAHJ1CK2,F,AHJ,1,CK,2,63.39,233.22,1533.67,3002.44,4353.26,18.8371,3.058824,7.15,0.58,0,4,1,12
FAHJ1CL2,F,AHJ,1,CL,2,62.42,248.06,1459.74,2971.56,4248.83,10.5277,2.342488,5.55,0.44,0,11,5,25
FAHJ1CM2,F,AHJ,1,CM,2,63.76,245.22,1375.97,2900.15,4208.25,16.8952,3.275705,6.39,0.57,0,8,1,21
FAHJ1CN2,F,AHJ,1,CN,2,61.43,233.02,1555.01,3002.18,4415.86,9.7179,3.762376,6.79,0.44,0,12,2,25
FAHJ1CO2,F,AHJ,1,CO,2,62.84,229.62,1454.97,2928.57,4658.02,5.0058,7.734807,7.78,0.82,0,2,1,11
FAHJ1CP2,F,AHJ,1,CP,2,64.27,226.91,1527.31,2928.81,4449,3.3462,6.25,6.44,0.56,0,2,0,9
FAHJ1CQ2,F,AHJ,1,CQ,2,61.29,238.61,1553.85,3014.58,4416.5,15.3539,7.086614,7.2,0.64,0,4,4,14
FAHJ1CR2,F,AHJ,1,CR,2,62.54,230.3,1463.26,3023.47,4392.54,15.4043,3.821656,6.24,0.37,0,11,1,19
FAHJ1CS2,F,AHJ,1,CS,2,64.86,242.15,1415.45,2967.24,4382.03,26.6638,6.022409,6.77,0.52,0,9,3,23
FAHJ1CT2,F,AHJ,1,CT,2,65.73,240.22,1591.58,3022.61,4593.72,0.9417,6.872852,5.96,0.75,0,2,0,8
FAHJ1CU2,F,AHJ,1,CU,2,66.06,234.62,1416.56,2802.48,4171.62,18.7965,9.181637,6.71,0.88,1,2,5,17
FAHJ1CV2,F,AHJ,1,CV,2,64.42,230.1,1302.07,2885.05,4438.41,16.0692,5.434783,6.32,0.62,0,5,0,13
FAHJ1CW1,F,AHJ,1,CW,1,63.27,237.2,1436.09,2933.7,4534.24,2.4709,7.508532,7.6,0.57,0,2,1,7
FAHJ1CX2,F,AHJ,1,CX,2,62.87,243.4,1643.13,2934.59,4388.68,20.3009,3.87674,6.39,0.61,0,5,1,18
FAHJ1CY2,F,AHJ,1,CY,2,62.69,230.88,1587.88,2997.43,4634.31,-1.3665,5.776173,6.41,0.5,0,2,4,8
FAHJ1CZ2,F,AHJ,1,CZ,2,63.73,232.58,1342.46,2824.51,4420.76,8.7644,7.554672,7.12,0.62,0,2,1,13
FAHJ1DA2,F,AHJ,1,DA,2,65.15,241.08,1261.87,2541.34,4324.33,2.3588,5.531915,6.47,0.43,0,1,4,7
FAHJ1DB2,F,AHJ,1,DB,2,64.77,240.85,1529.53,3059.27,4617.11,4.1805,11.320755,7.8,0.56,0,2,1,9
FAHJ1DC2,F,AHJ,1,DC,2,61.39,233.8,1313.28,2912.29,4352.66,18.8443,6.347439,7.39,0.63,0,9,0,24
FAHJ1DD2,F,AHJ,1,DD,2,63.95,237.57,1300.33,2799.35,4481.99,-0.7263,7.197943,7.34,0.54,0,2,2,13
FAHJ1DE2,F,AHJ,1,DE,2,63.21,238.31,1620.85,3077.67,4515.6,14.5294,5.588822,7.53,0.47,0,10,0,19
FAHJ1DF2,F,AHJ,1,DF,2,61.63,236.83,1447.86,3131.1,4545.29,1.7493,3.835616,7.62,0.33,0,2,4,9
FAHJ1DG2,F,AHJ,1,DG,2,63.34,246.59,1381.81,3012.9,4552.6,11.1359,4.241071,6.77,0.61,0,6,0,18
FAHJ1DH1,F,AHJ,1,DH,1,64.42,238.09,1369.69,2851.36,4446.5,11.6364,6.878307,6.61,1,0,0,0,13
FAHJ1DI2,F,AHJ,1,DI,2,60.67,238.15,1444.76,2892.78,4573.06,2.4642,2.659574,5.77,1,0,0,0,6
FAHJ1DJ2,F,AHJ,1,DJ,2,63.36,243,1312.64,2824.29,4238.89,8.6278,6.495264,7.04,0.5,0,6,2,20
FAHJ1DK2,F,AHJ,1,DK,2,61.26,241.72,1425.95,2832.35,4401.42,15.7619,2.675585,7.16,0.31,0,4,5,13
FAHJ1DL2,F,AHJ,1,DL,2,65.15,242.78,1325.92,2731.76,4436.76,18.3091,9.433962,7.42,0.73,0,3,0,11
FAHJ1DM2,F,AHJ,1,DM,2,63.98,243.53,1337.55,2799.06,4378.92,18.4933,6.329114,5.43,0.58,0,5,0,12
FAHJ1DN2,F,AHJ,1,DN,2,63.57,238.23,1156.86,2798.65,4392.79,0.1864,4.225352,5.72,0.56,0,3,1,9
FAHJ1DO2,F,AHJ,1,DO,2,62.61,242.19,1445.31,2901.31,4386.92,6.3031,5.811623,7.06,0.46,0,5,2,13
FAHJ1DP2,F,AHJ,1,DP,2,63.15,242.41,1324.52,2763.46,4334.85,-4.0393,7.664234,7.4,0.71,0,1,1,7
FAHJ1DQ2,F,AHJ,1,DQ,2,62.88,250.5,1365.89,2762.19,4256.11,11.5854,2.409639,7.34,0.13,0,4,8,15
FAHJ1DR1,F,AHJ,1,DR,1,63.78,236.97,1204.95,2680.08,4019.44,18.3003,6.198347,6.51,1,0,0,0,6
FAHJ1DS2,F,AHJ,1,DS,2,65.41,240.57,1381.46,2663.41,4170.82,9.9942,6.042296,6.79,0.4,0,6,2,15
FAHJ1DT2,F,AHJ,1,DT,2,65,237.19,1407.49,2849.57,4315.19,5.3197,7.284768,7.01,0.71,0,2,1,14
FAHJ1DU2,F,AHJ,1,DU,2,64.03,242.57,1165.04,2654.22,4109.36,9.7316,8.25,6.9,0.6,0,5,4,15
FAHJ1DV2,F,AHJ,1,DV,2,64.16,252.5,1489.56,2951.68,4324.06,18.0138,4.740061,6.37,0.44,0,9,1,18
FAHJ1DW2,F,AHJ,1,DW,2,64.92,244.53,1675.19,2953.44,4324.35,19.4324,4.339623,6.18,0.39,0,10,1,18
FAHJ1DX2,F,AHJ,1,DX,2,66.83,247.87,1458.24,2866.73,4354.03,5.0631,8.496732,7.72,0.29,0,3,2,7
FAHJ1DY2,F,AHJ,1,DY,2,65.53,241.14,1246.16,2809.32,4267.85,12.3692,6.802721,6.38,0.47,0,5,4,17
FAHJ2DZ2,F,AHJ,2,DZ,2,66.12,252.72,1310.63,2681.41,4203.35,-40,7.028112,3.57,0.69,0,6,5,16
FAHJ3EB2,F,AHJ,3,EB,2,67.63,237.69,1248.64,2714.16,4251.6,1.9047,8.416834,7.11,0.3,0,8,4,20
FAHJ3EC2,F,AHJ,3,EC,2,62.98,237.88,1533.21,3039.94,4496.53,25.5438,3.579098,5.8,0.36,1,11,8,28
FAHJ3ED2,F,AHJ,3,ED,2,63.57,246.88,1453.52,2957.36,4610.74,13.215,6.683168,7.06,0.53,0,7,0,15
FAHJ3EE2,F,AHJ,3,EE,2,62.91,243.75,1562.33,2981.37,4451.78,14.5383,5.106383,7.33,0.48,0,17,10,44
FAHJ3EF2,F,AHJ,3,EF,2,63.17,248.64,1449.16,2877.49,4399.85,17.8096,5.750225,6.83,0.42,0,12,5,33
FAHJ3EG2,F,AHJ,3,EG,2,62.14,251.78,1505.42,2869.61,4361.37,21.676,2.207792,6.39,0.45,0,11,4,31
FAHJ3EH2,F,AHJ,3,EH,2,62.71,246.61,1474.07,2870.97,4334.18,19.9881,3.565062,6.46,0.45,0,12,6,31
FAHJ3EJ2,F,AHJ,3,EJ,2,63.39,236.61,1565.6,2978.86,4339.77,4.8309,2.669405,6.44,0.43,0,6,1,14
FAHJ3EK2,F,AHJ,3,EK,2,60.4,242.71,1543.17,3094.09,4479.08,-40,7.804878,6.88,0.63,0,3,0,8
FAHJ3EL2,F,AHJ,3,EL,2,62.4,240.73,1491.76,2907.13,4368.88,22.2322,4.142012,7.08,0.42,0,5,6,19
FAHJ3EM2,F,AHJ,3,EM,2,65.3,249.05,1522.3,2946.92,4340.24,17.787,5.257624,6.52,0.55,0,10,4,31
FAHJ3EN2,F,AHJ,3,EN,2,66.08,242.25,1437.32,3156.94,4519.01,14.2508,5.882353,6.32,0.67,0,4,1,15
FAHJ3EO2,F,AHJ,3,EO,2,65.14,251.48,1486.65,2995.34,4343.3,9.3499,4.854369,5.84,0.43,0,8,7,21
FAHJ3EP2,F,AHJ,3,EP,2,63.64,249.71,1550.32,2985.06,4296.4,14.7186,7.460545,7.12,0.68,0,6,6,22
FAHJ3EQ2,F,AHJ,3,EQ,2,64.26,248.26,1351.81,2821.36,4234.17,12.8609,5.865103,7.21,0.5,0,7,0,14
FAHJ3ER2,F,AHJ,3,ER,2,64.44,246.27,1308.52,2868.4,4313.11,4.4736,6.896552,7.07,0.8,1,1,3,15
FAHJ3ES2,F,AHJ,3,ES,2,63.05,240.38,1570.87,3029.81,4420.02,22.266,5.942857,6.59,0.81,0,4,0,21
FAHJ3ET2,F,AHJ,3,ET,2,62.49,247.71,1539.92,2962.75,4394.64,17.5549,6.029579,7.02,0.8,0,4,2,20
FAHJ3EU2,F,AHJ,3,EU,2,63.49,241.93,1494.71,2910.95,4432.06,10.8644,4.900181,7.1,0.85,0,3,3,13
FAHJ3EV2,F,AHJ,3,EV,2,64.73,249.77,1420.34,3106.57,4524.31,5.9094,5.570292,3.78,0.75,0,2,0,8
FAHJ3EW2,F,AHJ,3,EW,2,62.26,249.27,1529.2,3137.03,4481.14,20.0619,5.577689,6.89,0.53,0,3,4,15
FAHJ3EX2,F,AHJ,3,EX,2,63.09,241.91,1557.61,3103.58,4463.1,9.9292,4.863813,5.47,0.71,1,4,4,21
FAJB1AA2,F,AJB,1,AA,2,63.58,245.2,1189.67,2729.27,4140.43,23.4847,4.731183,5.67,0.5,0,5,1,12
FAJB1AB2,F,AJB,1,AB,2,64.9,243.1,1115.78,2738.21,4104.34,7.5537,3.157895,6.25,0.13,0,3,3,8
FAJB1AC2,F,AJB,1,AC,2,66.6,255.88,1339.37,2762.45,4044.91,17.9484,2.75,1,0.27,0,6,2,11
FAJB1AD2,F,AJB,1,AD,2,64.96,242.93,1192.89,2734.05,3984.45,16.55,3.571429,6.96,0.23,0,9,1,13
FAJB1AE2,F,AJB,1,AE,2,62.07,221.63,1202.95,2698.8,4042.26,20.0784,5.021834,5.3,0.46,0,7,0,13
FAJB1AF2,F,AJB,1,AF,2,64.83,232.08,1172.17,2740.42,4102.89,10.5356,4.424779,7.04,0.3,0,6,1,10
FAJB1AG2,F,AJB,1,AG,2,66.2,239.89,1264.13,2831.31,4168.34,21.8408,4.441624,6.39,0.38,0,14,2,29
FAJB1AH2,F,AJB,1,AH,2,66.31,239.5,1017.46,2794.05,4141.27,5.8562,5.031447,4.95,0.29,0,5,0,7
FAJB1AI2,F,AJB,1,AI,2,67.76,221.89,1130.84,2656.13,4059.03,1.924,8.433735,6.51,0.67,0,2,0,6
FAJB1AJ2,F,AJB,1,AJ,2,64.93,246.89,1338.72,2815.06,4128.52,11.9107,5,6.57,0.57,0,2,1,7
FAJB1AK2,F,AJB,1,AK,2,65.24,239.28,1310.37,2670.62,4030.28,16.8496,5.555556,6.06,0.46,0,7,0,13
FAJB1AL2,F,AJB,1,AL,2,65.77,253.53,1142.01,2695.07,4145.96,21.9234,5.263158,5.24,0.33,0,12,0,18
FAJB1AM2,F,AJB,1,AM,2,64.78,235.46,1071.77,2726.44,4001.5,19.7588,5.392157,6.15,0.5,0,9,0,18
FAJB1AN2,F,AJB,1,AN,2,66.23,240.17,1298.24,2699.21,4170.79,4.5883,3.072626,5.73,0.22,0,3,4,9
FAJB1AO2,F,AJB,1,AO,2,62.53,230.2,1275.83,2713.81,4116.73,17.8913,3.054449,6.51,0.22,0,17,2,27
FAJB1AP2,F,AJB,1,AP,2,62.47,207.62,1465.05,2894.31,4235.37,19.2464,5.928854,6.34,0.5,0,7,0,14
FAJB1AQ2,F,AJB,1,AQ,2,63.21,229.93,1382.71,2975.9,4177.37,12.8754,4.180064,5.27,0.5,0,3,2,8
FAJB1AR2,F,AJB,1,AR,2,63.58,230.81,1239.66,2828.52,4201.13,15.4198,3.820225,6.07,0.31,0,9,2,16
FAJB1AS2,F,AJB,1,AS,2,63.85,227.42,1404.49,3036.19,4273.43,16.2277,4.032258,5.43,0.47,0,10,0,19
FAJB1AT2,F,AJB,1,AT,2,63.86,246.49,1210.86,2808.87,4138.62,10.0253,5.735661,6.24,0.38,0,10,0,16
FAJB1AU2,F,AJB,1,AU,2,63.34,237.25,1275.31,2884.95,4251.14,15.9874,6.126126,6.7,0.45,0,11,1,22
FAJB1AV2,F,AJB,1,AV,2,63.61,233.5,1272.05,2959.78,4220.61,20.2601,3.680336,6.37,0.43,0,15,1,28
FAJB1AW2,F,AJB,1,AW,2,62.47,230,1321.57,2916.46,4213.03,23.0975,2.580645,5.21,0.29,0,9,2,14
FAJB1AX2,F,AJB,1,AX,2,63.48,220.38,1276.05,2784.96,4308.31,16.426,6.793478,7.25,0.31,0,10,1,16
FAJB1AY1,F,AJB,1,AY,1,62.88,213.19,1166.15,2787.06,4172.01,15.288,7.02403,6.72,0.9,0,0,0,10
FAJB1AZ2,F,AJB,1,AZ,2,59.11,220.78,1302.91,2914.99,4219.79,16.0139,2.33463,5.68,0.33,0,6,3,12
FAJB1BA2,F,AJB,1,BA,2,61.66,224.44,1347.06,3028.28,4305.55,17.2384,6.761566,5.73,0.42,0,14,0,24
FAJB1BB2,F,AJB,1,BB,2,62.33,242.99,1253.37,2944.17,4151.92,16.0042,4.491726,7.26,0.43,0,7,1,14
FAJB1BC2,F,AJB,1,BC,2,61.76,228.37,1277.31,2869.86,4128.74,16.0789,4.03071,6.67,0.54,0,6,0,13
FAJB1BD2,F,AJB,1,BD,2,62.52,219.83,1301.69,2877.11,4226.98,13.4106,4.931507,5.85,0.27,0,6,2,11
FAJB1BE2,F,AJB,1,BE,2,62.82,216.92,1294.38,2955.19,4210.35,-40,3.488372,5.64,0.5,0,7,3,16
FAJB1BF2,F,AJB,1,BF,2,63.65,236.01,1240.85,2857.07,4172.87,14.3507,4.460432,4.85,0.67,0,4,0,15
FAJB1BG2,F,AJB,1,BG,2,61.41,233.47,1279.86,2908.9,4229.49,13.6643,2.721088,6.47,0.58,0,4,2,12
FAJB1BH2,F,AJB,1,BH,2,61.27,224.2,1197.8,2780.99,4262.57,14.1835,4.578313,6.86,0.41,0,9,3,17
FAJB1BI2,F,AJB,1,BI,2,63.54,218.9,1326.98,2850.65,4239.06,15.9151,6.09319,6.45,0.5,0,11,0,22
FAJB1BJ1,F,AJB,1,BJ,1,62.95,233.52,1289.65,2890.61,4330.7,15.1133,7.526882,6.88,1,0,0,0,5
FAJB1BK2,F,AJB,1,BK,2,60.42,229.52,1323.38,3074.94,4253.19,14.9172,5.120482,5.98,0.45,0,11,0,20
FAJB1BL2,F,AJB,1,BL,2,61.81,229.45,1349.91,2863.96,4234.49,4.495,5.460751,6.4,0.6,0,1,1,5
FAJB1BM2,F,AJB,1,BM,2,62.3,227.78,1283.42,2906.09,4280.46,1.6548,7.592191,6.53,0.56,0,5,2,16
FAJB1BN2,F,AJB,1,BN,2,63.8,233.05,1483.72,3007.63,4300.89,15.5725,5.938697,5.75,0.5,0,10,0,20
FAJB1BO2,F,AJB,1,BO,2,62.59,233.24,1467.83,3135.26,4476.07,5.8382,5.923345,6.99,0.29,0,9,0,14
FAJB1BP1,F,AJB,1,BP,1,63.21,223.6,1193.38,2943.63,4206.74,14.9566,3.977273,4.72,1,0,0,0,6
FAJB1BQ2,F,AJB,1,BQ,2,63.69,216.97,1334.76,3023.78,4285.65,16.8619,5.672269,6,0.39,0,10,1,18
FAJB1BR2,F,AJB,1,BR,2,63.99,237.5,1293.92,2899.41,4308.24,9.1877,3.691275,5.6,0.21,0,9,2,14
FAJB1BS2,F,AJB,1,BS,2,62.01,227.8,1230.95,2856.01,4211.82,16.7612,5.541237,6.5,0.37,0,18,2,30
FAJB1BT2,F,AJB,1,BT,2,64.08,216.13,1270.04,2857.26,4277.01,4.9686,5.5,6.09,0.47,0,6,3,15
FAJB1BU2,F,AJB,1,BU,2,60.62,217.1,1221.81,2863.05,4162.93,19.038,4.51843,6.4,0.45,0,12,0,22
FAJB1BV2,F,AJB,1,BV,2,63.5,239.05,1408.07,2989.42,4292.09,10.4271,5.033557,6.12,0.63,0,2,1,8
FAJB1BW2,F,AJB,1,BW,2,62.15,234.78,1221.73,2866.18,4108.25,15.6731,5.108359,6.2,0.32,0,21,1,31
FAJB1BX2,F,AJB,1,BX,2,63.7,215.87,1262.21,2973.05,4338,7.8989,6.21118,6.1,0.78,0,2,0,9
FAJB1BY2,F,AJB,1,BY,2,60.81,219.69,1335.17,3026.68,4233.94,13.0827,2.265372,6.09,0.38,0,3,2,8
FAJB1BZ2,F,AJB,1,BZ,2,63.12,231.33,1146.07,2854.24,4014.83,12.7503,5.750799,4.66,0.67,0,2,0,6
FAJB1CA1,F,AJB,1,CA,1,65.81,217.4,1248.78,2927.09,4209.36,11.0628,6.21118,5.89,1,0,0,0,7
FAJB1CB2,F,AJB,1,CB,2,63,219.59,1350.73,2849.94,4144.47,15.7854,4.712042,2.32,0.36,0,5,2,11
FAJB1CC2,F,AJB,1,CC,2,63.21,239.64,1536.05,3059.39,4292.05,16.2164,5.111111,6.57,0.4,0,8,1,15
FAJB1CD1,F,AJB,1,CD,1,63.85,236.48,1430.76,3223.08,4366.05,7.7354,4.587156,4.7,1,0,0,1,5
FAJB1CE2,F,AJB,1,CE,2,62.32,230.85,1350.34,2990.85,4193.54,15.186,2.290076,5.5,0.42,0,6,2,12
FAJB1CF2,F,AJB,1,CF,2,61.59,219.02,1300.65,2872.45,4214.08,13.1411,3.532609,5.67,0.67,0,1,1,6
FAJB1CG2,F,AJB,1,CG,2,63.38,227.63,1370.83,2953.31,4213,13.0757,5.804749,6.09,0.7,0,3,2,10
FAJB1CH2,F,AJB,1,CH,2,63.3,225.42,1375.77,2973.81,4211.76,16.9799,4.964539,6.14,0.5,0,5,1,12
FAJB1CI2,F,AJB,1,CI,2,62.67,223.95,1491.29,3015.43,4310.51,7.5799,6.422018,6.77,0.38,0,8,0,13
FAJB1CJ2,F,AJB,1,CJ,2,62.2,223.62,1493.26,2995.73,4206.43,18.845,4.577969,6.36,0.5,0,8,2,20
FAJB1CK2,F,AJB,1,CK,2,61.14,221.03,1374.39,3043.73,4190.95,15.022,3.755869,6.42,0.43,0,12,0,21
FAJB1CL2,F,AJB,1,CL,2,60.81,229.1,1346.51,2889.13,4193.02,17.1693,2.443609,4.77,0.33,0,7,1,12
FAJB1CM2,F,AJB,1,CM,2,64.37,232.43,1290.04,2848.49,4072.78,17.0955,3.404255,7.02,0.59,0,7,0,17
FAMB1AA2,F,AMB,1,AA,2,62.18,287.05,1290.98,2870.58,4165.3,23.9689,3.622251,4.91,0.41,0,9,1,17
FAMB1AB2,F,AMB,1,AB,2,66.65,292.75,1029.28,2715.85,4151.86,1.6462,5.501618,5.55,0.38,0,2,4,8
FAMB1AC2,F,AMB,1,AC,2,63.57,282.89,1318.06,2737.6,4306.3,23.108,1.827243,4.18,0.56,0,4,0,9
FAMB1AD2,F,AMB,1,AD,2,64.15,285.25,1089.47,2897.66,4250.43,-3.2715,7.623318,5.71,0.8,0,1,0,5
FAMB1AE2,F,AMB,1,AE,2,61.71,296.75,1047.65,2780.8,3913.66,7.7075,5.780347,4.67,0.29,0,11,1,17
FAMB1AF2,F,AMB,1,AF,2,62.53,278.88,1290.88,2790.77,4027.16,20.6981,1.176471,4.46,0.15,0,8,3,13
FAMB1AG2,F,AMB,1,AG,2,63.19,288.38,1249.05,2790.41,4128.96,-1.0699,2.927928,4.75,0.47,0,14,4,30
FAMB1AH2,F,AMB,1,AH,2,64.38,276.58,1177.35,2680.61,4149.27,7.7064,3.773585,4.14,0,0,3,2,5
FAMB1AI2,F,AMB,1,AI,2,62.42,285.54,1193.95,2726.62,4013.57,20.2059,2.972399,4.44,0.5,0,4,0,8
FAMB1AJ2,F,AMB,1,AJ,2,63.36,283.74,1067.4,2716.39,4218.83,8.2038,6.137184,5.16,0.45,0,6,2,11
FAMB1AK2,F,AMB,1,AK,2,59.26,278.63,1340.94,2747.16,3929.83,16.1381,2.093596,4.47,0.63,0,2,1,8
FAMB1AL2,F,AMB,1,AL,2,64.87,308.09,1113.64,2620.61,4036.35,14.2145,4.665314,5.85,0.36,0,8,0,14
FAMB1AM2,F,AMB,1,AM,2,62.83,286.8,1223.8,2816.9,4098.73,15.8037,2.345059,5.45,0.36,0,9,2,14
FAMB1AN2,F,AMB,1,AN,2,63.86,292.48,1118.21,2667.99,4152.36,-1.1283,2.268431,4.47,0.45,0,5,1,11
FAMB1AO2,F,AMB,1,AO,2,65.05,281.11,935.99,2614.89,4090.17,1.6536,1.785714,3.59,0.14,0,8,6,14
FAMB1AP2,F,AMB,1,AP,2,62.83,291.15,1384.2,2748.33,4170.62,15.3504,1.95713,4.7,0.36,0,7,2,14
FAMB1AQ2,F,AMB,1,AQ,2,67.13,291.13,1101.98,2748.55,4269.69,2.309,4.918033,5.09,0.67,0,3,1,9
FAMB1AR2,F,AMB,1,AR,2,62.36,281.43,1290.1,2643.28,4033.5,-0.0146,1.600985,5.49,0.31,0,6,2,13
FAMB1AS2,F,AMB,1,AS,2,62.69,281.28,1220.81,2825.62,4196.77,21.5996,2.932551,4.23,0.5,0,5,2,14
FAMB1AT2,F,AMB,1,AT,2,62.91,287.68,1220.8,2586.3,4164.15,19.9154,3.816794,5.36,0.33,0,12,1,18
FAMB1AU2,F,AMB,1,AU,2,63.31,264.41,1200.51,2814.91,4176.97,22.2763,3.439153,5.06,0.26,0,10,4,19
FAMB1AV2,F,AMB,1,AV,2,63.82,272.76,1254.4,2871.52,4207.3,22.6611,3.003337,5.05,0.28,0,9,1,18
FAMB1AW2,F,AMB,1,AW,2,62.25,301.21,1289.13,2760.8,4150.67,21.6256,2.727273,3.18,0.3,0,4,3,10
FAMB1AX2,F,AMB,1,AX,2,64.38,286.88,1072.64,2600.46,4166.53,22.128,6.136364,5.26,0.4,0,9,0,15
FAMB1AY2,F,AMB,1,AY,2,62.36,269.28,1198.27,2713.83,4095.01,16.7771,3.939962,5.24,0.3,0,10,4,23
FAMB1AZ2,F,AMB,1,AZ,2,63.43,274.18,1281.01,2877.16,4127.12,15.4043,0.87108,4.58,0.08,0,8,3,13
FAMB1BA2,F,AMB,1,BA,2,63.81,280.31,1274.15,2920.53,4247.13,20.5024,3.305785,4.76,0.29,0,14,3,24
FAMB1BB2,F,AMB,1,BB,2,62.21,298.65,1356.96,2985.29,4228.3,18.8683,2.535832,4.82,0.64,0,4,0,11
FAMB1BC2,F,AMB,1,BC,2,61.81,285.5,1513.85,2968.02,4289.88,23.0269,2.452316,5.16,0.27,0,5,5,11
FAMB1BD2,F,AMB,1,BD,2,65.72,317.07,1124.89,3036.65,4310.38,14.7563,6.916427,5.23,0.42,0,7,0,12
FAMB1BE2,F,AMB,1,BE,2,63.84,279.95,1236.37,2875.24,4146.34,20.7562,3.773585,4.99,0.39,0,12,2,23
FAMB1BF2,F,AMB,1,BF,2,61.93,267.51,1262.32,2863.97,4278.61,4.6338,1.920236,4.34,0.5,0,9,1,20
FAMB1BG2,F,AMB,1,BG,2,64.72,274.68,1315.12,3004.91,4301.57,10.2728,5.329949,5.09,0.58,0,5,0,12
FAMB1BH2,F,AMB,1,BH,2,62.77,280.11,1278.19,2810.31,4292.94,17.6639,2.686567,5.12,0.33,0,3,3,9
FAMB1BI2,F,AMB,1,BI,2,62.33,270.72,1345.45,2859.79,4196.63,9.1754,2.532833,4.87,0.41,0,11,2,22
FAMB1BJ2,F,AMB,1,BJ,2,64.07,288.54,1237.97,2858.78,4397.35,4.0865,7.222222,5.89,0.67,0,1,1,6
FAMB1BK2,F,AMB,1,BK,2,62.61,279.19,1341.87,2847.78,4303.55,16.4538,2.383532,4.81,0.43,0,12,0,21
FAMB1BL2,F,AMB,1,BL,2,64.23,295.04,1201.72,2751.98,4271.13,9.8858,5.46875,6.04,0.6,0,1,1,5
FAMB1BM2,F,AMB,1,BM,2,63.67,274.04,1140.2,2824.71,4199.09,16.1955,4.823151,5.65,0.61,0,6,1,18
FAMB1BN2,F,AMB,1,BN,2,63.58,288.78,1243.62,2727.83,4116.46,21.241,2.681992,4.69,0.32,1,16,3,28
FAMB1BO2,F,AMB,1,BO,2,65.35,291.17,1022.76,2853.14,4262.14,-0.4611,5.537459,5.34,0.44,0,3,3,9
FCLJ1AA2,F,CLJ,1,AA,2,63.78,234.81,1247.96,2871.78,4319.78,15.1661,5.335968,5.75,0.6,0,3,1,10
FCLJ1AB2,F,CLJ,1,AB,2,66.05,253.78,710.72,2764.15,3860.77,7.6636,4.918033,5.67,0.33,0,1,1,3
FCLJ1AC2,F,CLJ,1,AC,2,60.39,224.31,1459.15,2897.98,4244.48,17.7058,3.72549,6.59,0.78,0,2,0,9
FCLJ1AD2,F,CLJ,1,AD,2,60.52,231.15,1372.44,2885.58,4164.11,13.353,2.627512,5.55,0.6,2,0,3,5
FCLJ1AE2,F,CLJ,1,AE,2,62.52,251.06,1497.94,3062.75,4265.53,6.7255,0,4.31,0.5,0,0,2,2
FCLJ1AF2,F,CLJ,1,AF,2,59.88,220.8,1404.99,2828.51,4318.27,12.0764,3.902439,7.96,0.8,0,1,0,5
FCLJ1AG2,F,CLJ,1,AG,2,62.84,230.64,1312.02,2881.36,4205.49,17.8158,4.74547,4.35,0.91,2,1,1,23
FCLJ1AH2,F,CLJ,1,AH,2,65.26,224.63,852.37,2550.87,4105.6,-4.8715,6.422018,6.18,0.33,0,1,1,3
FCLJ1AI2,F,CLJ,1,AI,2,63.67,235.43,1189.34,2827.68,4186.58,-0.4997,7.106599,7.89,0.8,0,1,0,5
FCLJ1AJ2,F,CLJ,1,AJ,2,62.33,166.61,1517.5,3098.97,4433.57,-40,6.137184,7.55,0.71,0,2,0,7
FCLJ1AK2,F,CLJ,1,AK,2,61.47,211.16,1480.26,2999.23,4341.24,21.741,2.491694,5.46,0.75,0,1,1,8
FCLJ1AL2,F,CLJ,1,AL,2,63.23,205.38,1302.18,2832.81,4243.69,17.559,3.423423,6.8,0.71,0,1,1,7
FCLJ1AM2,F,CLJ,1,AM,2,62.02,217.35,1307.91,2852.36,4158.5,12.4186,2.1398,5.16,0.57,0,1,3,7
FCLJ1AN2,F,CLJ,1,AN,2,62.42,223.25,1285.26,2750.39,4185.29,13.5601,1.960784,5.77,0,3,1,3,7
FCLJ1AO2,F,CLJ,1,AO,2,61.55,220.17,1286.69,2877.05,4310.31,14.3921,3.108253,5.63,0.36,0,2,0,14
FCLJ1AP2,F,CLJ,1,AP,2,59.58,220.75,1542.27,2941.13,4434.5,19.4151,4.918033,6.58,0.7,0,2,3,10
FCLJ1AQ2,F,CLJ,1,AQ,2,62.85,213.3,1122.55,2923.75,4212.76,-40,6.790123,6.51,1,0,0,0,4
FCLJ1AR2,F,CLJ,1,AR,2,60.88,187.74,1323.06,2865.75,4315.03,15.8237,3.974563,6.05,0.36,0,5,2,14
FCLJ1AS2,F,CLJ,1,AS,2,61.48,202.46,1462.65,2910,4287.64,19.8848,3.589744,4.96,0.62,0,4,1,13
FCLJ1AT2,F,CLJ,1,AT,2,58.95,228.1,1311.9,2987.84,4205.8,9.1254,1.6,4.17,0.75,0,1,1,4
FCLJ1AU2,F,CLJ,1,AU,2,61.94,226.85,1296.51,2935.07,4197.72,17.485,5.206738,5.61,0.77,0,2,1,13
FCLJ1AV2,F,CLJ,1,AV,2,61.69,214.02,1417.85,2992.39,4201.59,4.3015,4.073034,5.38,0.57,0,2,4,14
FCLJ1AW2,F,CLJ,1,AW,2,60.2,220.39,1326.72,2922.99,4286.38,9.1134,2.320675,4.96,0.71,0,2,0,7
FCLJ1AX2,F,CLJ,1,AX,2,59.11,215.75,1198.44,3129.91,4337.21,-40,8.646617,7.03,0.67,0,1,1,6
FCLJ1AY2,F,CLJ,1,AY,2,64.2,191.79,1074.32,2644.72,4200.55,-0.9567,7.674419,7.58,0.8,0,2,1,10
FCLJ1AZ2,F,CLJ,1,AZ,2,60.19,218.21,1431.49,2948.72,4304.33,22.8972,3.76569,6.27,0.5,0,3,1,8
FCLJ1BA2,F,CLJ,1,BA,2,61.72,209.24,1186.97,2796.98,4162.32,15.9313,4.752852,6.02,0.5,0,1,4,12
FCLJ1BB2,F,CLJ,1,BB,2,63.97,234.42,1015.77,2830.91,4065.23,0.5212,5.387205,7.22,0.56,0,2,2,9
FCLJ1BC2,F,CLJ,1,BC,2,60.11,211.14,1672.06,2977.65,4358.79,-2.2086,8.391608,6.63,0.5,0,1,0,4
FCLJ1BD2,F,CLJ,1,BD,2,52.79,193.86,1376.73,2836.57,4212.22,13.7158,4.273504,7.15,0.5,0,0,2,6
FDJF1AA2,F,DJF,1,AA,2,58.4,264.12,1187.17,2830.85,4027.41,15.6748,4.572804,7.18,0.69,0,4,1,16
FDJF1AB2,F,DJF,1,AB,2,61.6,245.02,1009.48,2860.43,4137.14,10.7051,4.18251,7.72,0.38,0,2,3,8
FDJF1AC2,F,DJF,1,AC,2,60.29,257.05,1234.32,2766.36,4197.59,8.0348,5.012531,5.9,0.38,0,3,0,8
FDJF1AD2,F,DJF,1,AD,2,61.96,247.86,911.27,2733.42,4062.01,-40,6.547619,7.8,0.33,0,5,1,9
FDJF1AE2,F,DJF,1,AE,2,62.15,265.56,1014.75,2779.64,4096.12,3.1283,6.231454,5.49,0.5,0,2,1,8
FDJF1AF2,F,DJF,1,AF,2,63.09,259.43,773.1,2597.35,3893.14,6.9774,5.747126,8.08,0.5,0,1,2,6
FDJF1AG2,F,DJF,1,AG,2,61.98,265.97,1103.11,2802.88,4098.54,13.2117,6.060606,6.48,0.6,0,9,2,25
FDJF1AH2,F,DJF,1,AH,2,64.52,270.98,850.95,2627.04,4084.91,5.8639,4.938272,6.3,0.67,0,1,0,3
FDJF1AI2,F,DJF,1,AI,2,65.37,267.19,794.95,2432.1,3920.79,-3.9361,6.329114,8.21,0.75,0,0,1,4
FDJF1AJ2,F,DJF,1,AJ,2,65.19,271.18,873.84,2499.06,4083.14,-0.0854,9.340659,8.52,0.71,0,2,0,7
FDJF1AK2,F,DJF,1,AK,2,64.24,268.81,1051.11,2623.11,4034.4,13.0282,9.386282,7.3,0.75,0,2,0,8
FDJF1AL2,F,DJF,1,AL,2,63.99,280.24,926.84,2735.54,4071.11,9.9062,10.869565,6.78,0.56,0,3,1,9
FDJF1AM2,F,DJF,1,AM,2,63.87,258.95,727.43,2722.79,3907.98,3.8918,10.31746,7.68,0.43,0,1,0,7
FDJF1AN2,F,DJF,1,AN,2,63.72,257.71,979.52,2577.3,4049.41,0.8989,6.040268,7.15,0.09,0,3,7,11
FDJF1AO2,F,DJF,1,AO,2,59.85,250.1,1103.68,2873.98,4088.55,18.3301,2.828619,5.95,0.58,0,6,4,24
FDJF1AP2,F,DJF,1,AP,2,60.54,253.5,1120.74,2861.6,4089.69,2.1926,5.032823,6.52,0.31,0,6,2,13
FDJF1AQ2,F,DJF,1,AQ,2,64.43,256.76,891.88,2730.99,4130.35,1.6547,11.875,7.76,0.5,0,5,0,10
FDJF1AR2,F,DJF,1,AR,2,61.63,251.77,1012.95,2744.19,4027.56,3.455,6.185567,6.96,0.75,0,1,1,8
FDJF1AS2,F,DJF,1,AS,2,61.83,261.34,1231.81,2865.41,4200.22,7.4674,6.801008,5.98,0.6,0,6,2,15
FDJF1AT2,F,DJF,1,AT,2,61.64,262.26,1166.23,2855.08,4100.34,0.9355,5.613306,7.28,0.78,0,2,0,9
FDJF1AU2,F,DJF,1,AU,2,62.62,258.38,1066.91,2859.01,4137.47,1.9302,7.343413,6.82,0.79,0,3,0,14
FDJF1AV2,F,DJF,1,AV,2,60.48,260.92,1165.35,2844.66,4154.53,-2.3116,6.906907,7.31,0.71,0,4,3,17
FDJF1AW1,F,DJF,1,AW,1,59.69,263.44,1282.86,2840.32,4159,4.5251,3.559322,6.79,0.6,0,0,2,5
FDJF1AX2,F,DJF,1,AX,2,62.59,273.07,1079.93,2787.42,4091.9,19.8212,6.811989,7.59,0.44,0,3,1,9
FDJF1AY2,F,DJF,1,AY,2,61.96,264.71,931.13,2639.39,3971.91,10.9763,8.564232,7.47,0.5,0,6,1,16
FDJF1AZ2,F,DJF,1,AZ,2,64.33,262.42,956.92,2750.83,3983.68,5.4033,6.372549,6.37,0.83,0,1,0,6
FDJF1BA2,F,DJF,1,BA,2,61,264.67,1186.41,2952.58,4199.37,9.8447,8.26087,6.48,0.75,0,2,0,12
FDJF1BB2,F,DJF,1,BB,2,62.64,268.3,1220.87,3120.48,4282.9,10.3776,7.278481,7.61,0.56,0,2,2,9
FDJF1BC2,F,DJF,1,BC,2,61.24,261.02,1267.49,2970.58,4045.26,16.3045,3.250774,5.48,0.2,0,3,5,10
FDJF1BD2,F,DJF,1,BD,2,62.58,276.13,949.45,2840.61,4166.11,-0.7491,6.465517,6.79,0.3,0,5,2,10
FDJF1BE2,F,DJF,1,BE,2,63.98,276.99,988.91,2891.2,4176.25,5.5073,8.59375,7.75,1,0,0,0,5
FDJF1BF2,F,DJF,1,BF,2,60.74,277.74,1121.71,2791.59,4180.99,17.1883,4.791345,6.29,0.71,0,3,1,14
FDJF1BG2,F,DJF,1,BG,2,62.65,283.29,1107.49,2964.84,4260.22,5.5811,9.310345,7.03,0.78,0,1,1,9
FDJF1BH2,F,DJF,1,BH,2,60.75,279.53,1080.41,2764.98,4252.24,-40,4.320988,6.76,0.6,0,1,1,5
FDJF1BI2,F,DJF,1,BI,2,63.08,278.72,1119.8,2857.17,4039.82,4.9491,6.896552,7.29,0.69,0,2,2,13
FDJF1BJ2,F,DJF,1,BJ,2,62.49,272.28,1154.16,2796.68,4231.51,3.9541,8.284024,7.22,0.63,0,3,0,8
FDJF1BK2,F,DJF,1,BK,2,64.56,261.96,1043.68,2692.28,4210.11,7.6493,8.022923,7.56,0.47,0,8,1,17
FDJF1BL2,F,DJF,1,BL,2,65.77,274.66,1054.05,2581.79,4161.52,1.8125,10.795455,7.41,0.44,0,5,0,9
FDJF1BM2,F,DJF,1,BM,2,64.24,273.57,910.5,2707.58,4038.73,2.7971,7.611549,6.81,0.67,0,1,2,12
FDJF1BN2,F,DJF,1,BN,2,64.67,275.18,1009.89,2786.24,4102.63,12.1005,9.556314,7.32,0.75,0,2,3,12
FDJF1BO2,F,DJF,1,BO,2,61.12,302.25,1298.37,2900.52,4254.46,6.7491,5.090909,7.9,0.67,0,1,1,6
FDJF1BP1,F,DJF,1,BP,1,62.96,289.17,1013.26,2766.64,4030.23,14.8827,6.268657,6.35,1,0,0,0,6
FDJF1BQ2,F,DJF,1,BQ,2,63.42,281.8,855.38,2766.62,4065.64,1.2309,8.712121,6.75,0.58,0,4,1,12
FDJF1BR2,F,DJF,1,BR,2,63.47,290.24,1145.68,2982.25,4165.96,-1.4357,3.780069,5.29,0.43,0,1,3,7
FDJF1BS2,F,DJF,1,BS,2,62.66,281.32,1276.94,2956.09,4232.04,13.9862,5.701754,7.11,0.47,0,7,3,19
FDJF1BT2,F,DJF,1,BT,2,63.5,250.43,1011.42,2914.96,4199.13,4.0998,7.220217,7.81,0.67,0,0,3,9
FDJF1BU2,F,DJF,1,BU,2,60.41,260.63,1084.32,2801.59,4175.25,11.6358,6.050955,7.54,0.69,0,3,1,13
FDJF1BV2,F,DJF,1,BV,2,63.84,264.11,1195.3,3054.39,4273.74,9.3686,7.692308,6.93,0.83,1,0,3,6
FDJF1BW2,F,DJF,1,BW,2,60.51,275.03,1122.25,2926.44,4225.3,10.4334,5.871886,6.21,0.62,0,3,1,13
FDJF1BX1,F,DJF,1,BX,1,62.44,261.41,837.27,2959.88,4202.78,-2.1285,6.756757,7.27,1,0,0,0,7
FDJF1BY2,F,DJF,1,BY,2,66.57,292.12,896.37,2955.23,4109.33,8.3185,8.092486,7.27,0.57,0,2,1,7
FDJF1BZ2,F,DJF,1,BZ,2,63.76,263.84,970.32,2618.37,4060.9,6.5837,4.545455,7.02,0.33,0,5,1,9
FDJF1CA1,F,DJF,1,CA,1,60.81,267.87,1147.54,2817.73,3979.95,5.0248,3.703704,7.53,1,0,0,0,7
FDJF1CB2,F,DJF,1,CB,2,65.23,261,963.18,2585.33,4135.99,12.3779,7.725322,2.94,0.5,0,2,2,8
FDJF1CC2,F,DJF,1,CC,2,63.54,290.87,1056.91,2778.94,4145.91,-0.6972,5.291005,5.54,0.46,0,6,1,13
FDJF1CD2,F,DJF,1,CD,2,65.46,276.33,1275.59,2897.08,4183.22,0.4101,3.536977,6.15,0.5,0,3,1,8
FDJF1CE2,F,DJF,1,CE,2,60.85,312.02,1222.76,2854.59,4147.95,17.6182,1.727447,4.9,0.33,0,5,3,12
FDJF1CF2,F,DJF,1,CF,2,62.33,277.68,1056.97,2765.32,4148.06,8.1206,4.927536,6.15,0.83,0,1,0,6
FDJF1CG2,F,DJF,1,CG,2,63.09,282.31,829.55,2905.3,4054.08,4.2702,10,6.86,0.7,0,2,1,10
FDJF1CH2,F,DJF,1,CH,2,65.64,296.29,1111.87,2835.13,4148.04,20.9289,5.673759,7.2,0.33,0,8,2,15
FDJF1CI2,F,DJF,1,CI,2,64.92,290.03,980.82,2742.9,4078.13,-1.934,10.344828,7.68,0.71,0,2,0,7
FDJF1CJ2,F,DJF,1,CJ,2,63.43,290.52,1317.4,2985.13,4195.16,7.7252,5.631399,6.54,0.53,0,4,3,15
FDJF1CK2,F,DJF,1,CK,2,63.79,286.81,1046.32,2983.62,4154.34,14.1802,8.268734,7,0.58,0,4,0,12
FDJF1CL2,F,DJF,1,CL,2,63.38,271.97,1358.7,2802.34,4101.47,15.1015,4.421326,7.23,0.45,0,11,1,22
FDJF1CM2,F,DJF,1,CM,2,62.83,275.1,1288.74,3000.99,4120.79,19.8436,2.550478,6.74,0.27,0,10,7,22
FDJF1CN2,F,DJF,1,CN,2,61.57,282.17,1155.32,2896.1,4146.59,9.1791,6.58363,7.58,0.56,0,5,2,16
FDJF1CO2,F,DJF,1,CO,2,64.34,274.47,1022.33,2767.53,4039.95,5.8939,14.159292,7.78,0.62,0,4,1,13
FDJF1CP2,F,DJF,1,CP,2,63.58,282.42,1129.85,2885.05,4027.4,5.7427,4.255319,6.12,0.17,0,5,4,12
FDJF1CQ2,F,DJF,1,CQ,2,65.9,279.59,922.75,2776.21,4062.72,15.8886,9.448819,7.11,0.63,0,6,1,16
FDJF1CR2,F,DJF,1,CR,2,63.41,272.62,1140.74,2922.6,4074.4,5.3785,5.647059,7.04,0.43,0,6,3,14
FDJF1CS2,F,DJF,1,CS,2,64.88,280.53,1142.74,2747.76,4129.45,14.7806,6.141522,6.8,0.5,0,9,4,26
FDJF1CT2,F,DJF,1,CT,2,63.04,257.49,1084.83,2896.78,4072.1,18.7901,5.614035,6.8,0.45,0,5,1,11
FDJF1CU2,F,DJF,1,CU,2,61.51,291.2,1311.25,3066.86,4154.58,12.9691,4.453049,6.08,0.52,0,8,3,23
FDJF1CV2,F,DJF,1,CV,2,61.27,282.58,1271.08,2987.47,4139.13,13.3798,3.867403,6.37,0.11,0,2,1,9
FDJF1CW2,F,DJF,1,CW,2,66.4,283.1,1040.77,2790.83,4229.23,0.474,10.526316,8.04,0.58,0,5,0,12
FDJF1CX2,F,DJF,1,CX,2,62.7,276.52,1369.94,3069.2,4133.71,14.9915,4.781421,7.12,0.5,0,11,2,22
FDJF1CY2,F,DJF,1,CY,2,66.05,272.15,829.14,2693.4,4125.83,-2.6069,5.208333,7.75,0.45,0,5,1,11
FDJF1CZ2,F,DJF,1,CZ,2,64.66,271.61,1082.94,2851.64,4202.21,3.2364,10.385757,7.82,0.83,0,2,0,12
FDJF1DA2,F,DJF,1,DA,2,69.54,275.93,782.3,2906.93,4175.08,1.2042,6.878307,6.6,0.71,0,2,1,7
FDJF1DB2,F,DJF,1,DB,2,67.18,260.54,830.06,2794.19,4244.3,8.4963,11.210762,7.66,0.36,0,6,3,14
FDJF1DC2,F,DJF,1,DC,2,64.18,265.83,1017.16,2820.8,4239.07,3.162,6.024096,7.03,0.67,0,2,2,12
FDJF1DD2,F,DJF,1,DD,2,62.93,230.68,897.34,2664.19,3992.19,-40,4.522613,6.82,0.8,0,0,1,5
FDJF1DE2,F,DJF,1,DE,2,63.37,258.03,1162.08,2951.56,4200.35,-40,6.338028,7.37,0.73,0,2,1,11
FDJF1DF2,F,DJF,1,DF,2,62.3,203.07,986.03,2844.34,4220.4,-0.3729,6.649616,7.17,0.67,0,2,1,9
FDJF1DG2,F,DJF,1,DG,2,62.88,257.36,1219.33,2852.31,4207.18,13.5472,3.904924,7.13,0.5,0,4,2,12
FDJF1DH2,F,DJF,1,DH,2,59.75,265.99,1069.36,2935.53,4099.62,2.8223,4.761905,6.69,0.33,0,6,1,18
FDJF1DI2,F,DJF,1,DI,2,63.97,251.99,1035.8,2767.02,4211.21,3.2766,4.942966,7.36,0.27,0,7,1,11
FDJF1DJ2,F,DJF,1,DJ,2,63.9,243.97,1167.98,2773.85,4121.92,14.7297,5.292479,6.5,0.61,0,4,3,18
FDJF1DK2,F,DJF,1,DK,2,63.28,255.01,1167.27,2792.86,4222.19,12.7948,5.343511,7,0.27,0,2,3,11
FDJF1DL2,F,DJF,1,DL,2,65.76,253.1,975.14,2716.02,4215.86,-2.1757,9.966777,7.12,0.62,0,5,0,13
FDJF1DM2,F,DJF,1,DM,2,65.49,262.29,1105.58,2902.88,4260.23,12.8377,5.787037,6.6,0.64,0,4,0,11
FDJF1DN2,F,DJF,1,DN,2,63.75,257.46,1096.27,2955.89,4183.79,15.0516,2.331606,2.39,0.5,0,1,3,8
FDJF1DO2,F,DJF,1,DO,2,66.42,242.49,939.12,2794.64,4130.45,-0.0293,9.689922,7.58,0.53,0,7,1,15
FDJF1DP2,F,DJF,1,DP,2,66.21,269.8,1129.82,2895.74,4056.78,9.5597,5.965909,6.35,0.63,0,2,1,8
FDJF1DQ2,F,DJF,1,DQ,2,67.31,263.27,1088.49,2627.78,4130.39,-1.9084,5.373832,7.77,0.4,0,2,4,10
FDJF1DR2,F,DJF,1,DR,2,67.3,232.43,892.11,2710.7,3914.55,11.3589,9.803922,6.84,0.75,0,2,0,8
FDJF1DS2,F,DJF,1,DS,2,66.06,264.6,1144.27,2776.71,4076.59,0.7503,5.251641,6.93,0.82,0,2,0,11
FDJF1DT2,F,DJF,1,DT,2,67.52,268.69,1018.64,2873.57,4286.71,6.9381,7.506053,7.08,0.61,0,6,1,18
FDJF1DU2,F,DJF,1,DU,2,67.54,270.19,1046.55,2890.17,4188.9,3.0179,7.969152,7.41,0.29,0,9,2,17
FDJF1DV2,F,DJF,1,DV,2,67.11,280.23,1393.36,2965.95,4310.52,19.4127,5.496454,6.9,0.6,1,6,1,15
FDJF1DW2,F,DJF,1,DW,2,66.17,286.63,1491.05,3034.28,4232.78,17.4617,3.017833,5.8,0.38,0,4,4,13
FDJF1DX2,F,DJF,1,DX,2,66.93,283.22,1326.04,2871.21,4206.04,8.3374,3.097345,7.59,0.5,0,1,1,4
FDJF1DY2,F,DJF,1,DY,2,67.35,269.74,1033.45,2884.76,4108.26,-1.1492,8.943089,7.37,0.61,0,5,2,18
FDJF2DZ2,F,DJF,2,DZ,2,68.24,280.17,991.29,2813.91,4191.96,7.2511,8.415842,7.25,0.5,0,7,0,14
FDJF3EB2,F,DJF,3,EB,2,66.84,266.28,1125.78,2755.89,4125.44,2.8525,7.014388,6.59,0.53,0,5,1,15
FDJF3EC2,F,DJF,3,EC,2,64.71,239.94,1228.66,2924.23,4153.56,16.1486,5.305305,6.28,0.52,0,9,1,25
FDJF3ED2,F,DJF,3,ED,2,68.67,279.34,1135.11,2804.08,4181.84,-3.8011,4.43787,6.71,0.56,0,2,2,9
FDJF3EE2,F,DJF,3,EE,2,65.89,268.61,1200.7,2916.43,4164.33,17.0312,6.447689,7.59,0.52,0,11,8,29
FDJF3EF2,F,DJF,3,EF,2,65.75,282.82,1281.16,2923.36,4150.02,16.0262,6.286837,7.42,0.38,0,13,1,32
FDJF3EG2,F,DJF,3,EG,2,67.48,293.94,1144.84,2861.79,4118.33,14.3464,3.685504,6.77,0.6,0,12,0,30
FDJF3EH2,F,DJF,3,EH,2,65.68,292.52,1214.16,2920.55,4185.75,17.4126,3.548387,5.32,0.26,0,16,12,42
FDJF3EI2,F,DJF,3,EI,2,68.52,284.71,1114.87,2743.95,4048.76,1.7812,5.116279,6.21,0.8,0,1,0,5
FDJF3EJ2,F,DJF,3,EJ,2,65.1,280.9,1231.15,2807.99,4038.9,16.1057,3.801653,1,0.44,0,9,3,18
FDJF3EK2,F,DJF,3,EK,2,65.11,290.01,1314.88,2910.79,4136.96,16.7393,2.407222,6.22,0.4,0,4,4,15
FDJF3EL2,F,DJF,3,EL,2,66.34,275.19,1131.43,2965.15,4082.72,9.4992,6.188925,6.28,0.73,0,1,2,11
FDJF3EM2,F,DJF,3,EM,2,64.3,277.11,1215.71,2977.07,4201.47,15.5307,5.2,7.11,0.68,0,7,2,28
FDJF3EN2,F,DJF,3,EN,2,64.73,281.62,1149.94,3016.85,4273.9,17.9517,3.729282,6.37,0.41,0,14,4,27
FDJF3EO2,F,DJF,3,EO,2,63.95,278.15,1306.92,3011.29,4201.96,15.2277,3.515625,6.49,0.5,0,7,7,28
FDJF3EP2,F,DJF,3,EP,2,63.78,283.13,1157.89,2946.01,4173.4,18.2675,6.200318,6.85,0.65,0,7,0,20
FDJF3EQ2,F,DJF,3,EQ,2,62.48,273.3,1268.57,2913.27,4152.15,17.5928,4.905063,6.74,0.64,0,5,0,14
FDJF3ER2,F,DJF,3,ER,2,65.26,266.67,1169.91,2848.76,4145.63,21.7631,7.213115,7.32,0.62,0,7,1,21
FDJF3ES2,F,DJF,3,ES,2,64.02,279.85,1177.46,2984.08,4208.7,14.0559,5.382775,6.59,0.47,0,13,3,30
FDJF3ET2,F,DJF,3,ET,2,64.22,274.67,1121.14,2781.72,4078.23,13.6064,7.035176,7.4,0.62,0,8,0,21
FDJF3EU2,F,DJF,3,EU,2,65.02,295.43,1044.52,2755.69,4071.49,12.4353,5.522682,6.82,1,0,0,0,10
FDJF3EV2,F,DJF,3,EV,2,64.55,302.38,1179.88,2937.81,4236.41,22.5496,5.793451,6.4,0.4,0,7,2,15
FDJF3EW2,F,DJF,3,EW,2,65.2,306.83,1070.19,2820.68,4123.19,3.7046,6.849315,6.98,0.64,0,5,1,14
FDJF3EX2,F,DJF,3,EX,2,65.79,299.47,1225.1,2909.13,4203.12,16.8132,10.110585,7.09,0.43,0,11,4,28
FDNC1AA2,F,DNC,1,AA,2,56.33,255.64,1359.74,3079.68,4069.85,16.0048,1.272984,3.7,0.19,0,10,0,16
FDNC1AB2,F,DNC,1,AB,2,55.77,260.26,1267.51,2875.66,4067.41,12.7913,1.291513,1.68,0.2,0,6,4,15
FDNC1AC2,F,DNC,1,AC,2,54.32,263.34,1362.33,2767.87,4118.27,9.5897,1.735016,1,0,0,11,5,16
FDNC1AD2,F,DNC,1,AD,2,56.6,243.37,1111.93,2853.05,4100.43,10.0985,3.900709,5.83,0.25,0,4,2,8
FDNC1AE2,F,DNC,1,AE,2,52.86,245.39,1291.66,3086.99,4140.81,11.5779,1.781737,4.77,0.25,0,6,3,12
FDNC1AF2,F,DNC,1,AF,2,53.95,232.57,1196.56,2995.08,4065.76,10.0691,1.4,1,0.11,0,5,2,9
FDNC1AG2,F,DNC,1,AG,2,50.55,198.07,1694.63,3130.49,4443.87,10.422,2.298851,3.93,0.09,0,7,4,11
FDNC1AH2,F,DNC,1,AH,2,55.22,228.86,1295.04,2930.52,4186.92,-0.1613,3.265306,4.42,0.25,0,0,4,4
FDNC1AI2,F,DNC,1,AI,2,57.11,243.72,1386.81,2889.35,4197.86,-2.1531,3.030303,6.15,0.2,0,5,3,10
FDNC1AJ2,F,DNC,1,AJ,2,61.22,235.26,1378.31,2679.6,4071.71,13.5206,3.831418,5.65,0.22,0,3,4,9
FDRR1AA2,F,DRR,1,AA,2,62.46,240.72,1081.47,2928.87,3961.38,14.4141,4.282116,5.8,0.3,0,2,1,10
FDRR1AD2,F,DRR,1,AD,2,67.86,236.32,1012.63,2623.83,4034.21,17.2627,1.926662538,2.54,0.16,0,4,10,19
FDRR1AE2,F,DRR,1,AE,2,66.5,232.01,1384.87,2933.61,4030.27,17.3183,0.410959,4.49,0,1,0,3,3
FDRR1AF2,F,DRR,1,AF,2,69.26,302.6,1024.97,2715.06,4083.1,19.7508,8.580858,6.87,0.12,0,10,13,25
FDRR1AG2,F,DRR,1,AG,2,65.26,218.3,1241.21,2957.24,3974.05,18.2348,2.180974,5.31,0.48,0,10,10,31
FDRR1AH2,F,DRR,1,AH,2,68.55,242.77,1321.26,2882.51,4073.77,27.0239,0.803213,3.99,0,0,3,2,5
FDRR1AI2,F,DRR,1,AI,2,66,203.6,1208.38,2865.38,4046.51,9.0709,3.191489,5.79,0.43,0,2,2,7
FDRR1AJ2,F,DRR,1,AJ,2,63.7,219.55,1378.82,2880.6,4076.35,10.9844,1.87638,5.53,0.5,1,0,3,6
FDRR1AK2,F,DRR,1,AK,2,67.14,244.79,1206.44,2855.96,4115.31,11.3409,8.139535,7.27,0.3,3,2,13,23
FDRR1AL2,F,DRR,1,AL,2,67.95,266.05,1223.09,2945.32,3985.65,19.7284,3.732809,5.26,0.6,0,4,0,10
FDRR1AM2,F,DRR,1,AM,2,65.1,219.81,1221.57,2866.43,3966.66,13.3176,2.060844,6.27,0.67,0,2,4,12
FDRR1AN2,F,DRR,1,AN,2,66.53,239.76,1231.64,2801.95,4060.88,20.8399,4.371585,4.92,0.64,0,4,0,11
FDRR1AO2,F,DRR,1,AO,2,66.51,223.44,1267.37,2845.51,4032.44,17.7691,2.844639,4.76,0.57,0,2,4,14
MDAW1AA2,M,DAW,1,AA,2,51.9,275.95,1264.06,3044.54,4538.12,-40,5.116279,5.8,1,1,0,1,7
MDAW1AB2,M,DAW,1,AB,2,63.86,214.41,1425.19,2652.21,4177.78,2.9473,2.985075,8.59,0,0,3,1,4
MDAW1AC2,M,DAW,1,AC,2,53.72,261.55,1218.9,2780.42,4355.43,-1.5042,1.020408,6.7,1,0,0,0,4
MDAW1AD2,M,DAW,1,AD,2,67.43,316.73,1192.97,2383.7,3827.91,-6.5392,7.54717,4.7,1,0,0,1,1
MDAW1AE2,M,DAW,1,AE,2,64.98,269.92,1204.91,2719.83,3859.99,-40,3.100775,5.16,0.5,0,1,1,2
MDAW1AF1,M,DAW,1,AF,1,66.36,266.72,1162.5,2799.99,4194.15,0.5095,6.639004,6.91,1,1,0,0,4
MDAW1AG2,M,DAW,1,AG,2,61.85,264.11,1217.46,2831.05,4146.21,17.7487,2.979066,5.52,0.57,0,8,4,23
MDAW1AH1,M,DAW,1,AH,1,61.21,261.94,1319,2930.02,4121.23,10.8041,2.056555,4.13,1,0,0,0,2
MDAW1AI2,M,DAW,1,AI,2,66.54,259.61,874.28,2469.94,3921.65,-1.2469,7.407407,5.94,0.67,0,2,0,6
MDAW1AJ2,M,DAW,1,AJ,2,59.75,256.35,1508,3161.49,4507.2,-1.1767,5.017921,5.35,0.71,0,2,1,7
MDAW1AK2,M,DAW,1,AK,2,67.84,259.1,1271.71,2738.63,4151.7,9.4105,7.876712,5.68,0.56,0,2,2,9
MDAW1AL2,M,DAW,1,AL,2,65.44,284.44,1097.77,2769.77,4162.73,15.0848,4.48833,5.85,0.86,0,0,1,7
MDAW1AM2,M,DAW,1,AM,2,62.41,238.27,1181.64,2968.43,4212.98,4.8336,1.570681,5.03,0.75,0,1,0,4
MDAW1AN2,M,DAW,1,AN,2,62.1,249.49,1351.29,2744.62,4151.86,14.905,0.224972,5.39,0.11,0,1,7,9
MDAW1AO2,M,DAW,1,AO,2,69.36,253.27,1136.23,2574.42,3987.92,22.568,1.583113,5.73,0.67,0,2,3,6
MDAW1AP2,M,DAW,1,AP,2,62.25,250.21,1436.39,2828.24,4187.06,17.9792,2.181818,5.43,0.36,0,5,4,14
MDAW1AQ1,M,DAW,1,AQ,1,68.02,264.35,1117.5,2707.24,4237.56,0.9524,8.26087,4.74,1,0,0,3,5
MDAW1AR2,M,DAW,1,AR,2,65.74,240.35,1041.37,2505.11,4038.23,-40,2.784223,5.55,0.4,0,3,3,10
MDAW1AS2,M,DAW,1,AS,2,63.56,246.8,1258.66,2765.94,4106.62,12.4625,5.494505,5.81,0.54,0,4,2,13
MDAW1AT2,M,DAW,1,AT,2,62.85,239.53,1272.36,2995.38,4250.83,15.7094,3.372434,5.04,0.67,0,3,0,9
MDAW1AU2,M,DAW,1,AU,2,67.75,263.51,1265.68,2865.73,4238.51,9.281,4.190476,5.03,0.29,0,5,5,17
MDAW1AV2,M,DAW,1,AV,2,65.84,264.07,1488.69,3027.44,4337.07,7.5599,5.123967,4.97,0.55,0,6,3,20
MDAW1AW2,M,DAW,1,AW,2,66.79,274.54,1374.37,2951.46,4325.95,18.3355,3.846154,6.59,0.8,0,0,1,5
MDAW1AX2,M,DAW,1,AX,2,55.6,239.76,1636.67,3033.09,4375.97,10.1924,1.126126,4.61,0.33,0,0,1,3
MDAW1AY2,M,DAW,1,AY,2,63.62,228.25,1353.72,2853.61,4325.79,21.2607,2.347919,6.49,0.43,0,10,2,21
MDAW1AZ2,M,DAW,1,AZ,2,64.91,230.04,1398.71,2884.75,4193.57,12.2902,2.295552,6.04,0.29,0,7,3,14
MDAW1BA2,M,DAW,1,BA,2,64.78,263.71,1402.77,2984.99,4281.09,15.4663,2.35546,5.11,0.38,0,6,4,16
MDAW1BB2,M,DAW,1,BB,2,65.03,228.06,1538.18,3010.14,4284.77,9.1536,3.836317,6.2,0.44,0,9,0,16
MDAW1BC2,M,DAW,1,BC,2,66.51,265.14,1502.49,2928.73,4352.18,13.3396,4.619565,5.02,0.5,0,1,3,8
MDAW1BD2,M,DAW,1,BD,2,63.47,265.2,1131.55,2700.04,4170.35,-1.3587,2.479339,6.6,0.63,0,1,5,8
MDAW1BE2,M,DAW,1,BE,2,63.8,228.12,1320.24,2944.73,4171.53,16.3136,5.11811,4.97,0.42,0,9,2,19
MDAW1BF2,M,DAW,1,BF,2,61.84,251.29,1363.67,2925.52,4269.76,0.7849,4.032258,6.43,0.45,0,12,2,22
MDAW1BG2,M,DAW,1,BG,2,64.37,241.18,1323.94,3069.85,4301.29,2.9299,4.867257,5.75,0.5,0,6,1,14
MDAW1BH2,M,DAW,1,BH,2,62.87,237.24,1345.59,2868.7,4363.72,-1.8395,2.119461,6.4,0.35,0,10,1,17
MDAW1BI2,M,DAW,1,BI,2,65.76,242.54,1327.57,2824.45,4249.81,18.637,2.764977,5.89,0.35,0,21,4,34
MDAW1BJ2,M,DAW,1,BJ,2,63,257.16,1338.04,2818.98,4229.51,11.746,3.355705,5.36,0.71,0,2,0,7
MDAW1BK2,M,DAW,1,BK,2,62.33,245.18,1239.05,2818.26,4221.82,12.2872,2.475248,6.28,0.5,0,2,2,6
MDAW1BL1,M,DAW,1,BL,1,65.65,249.41,1148.22,2724.4,4140.32,-0.475,7.45098,5.92,1,0,0,0,4
MDAW1BM2,M,DAW,1,BM,2,67.08,242.42,1219.21,2867.23,4264.78,15.0557,4.730832,5.82,0.47,0,8,2,19
MDAW1BN2,M,DAW,1,BN,2,65.6,249.34,1371.57,3055.17,4427.31,11.823,6.413302,2.37,0.75,0,2,1,12
MDAW1BO2,M,DAW,1,BO,2,61.83,220.92,1286.27,3071.85,4331.47,0.5753,7.534247,7.02,0.44,0,5,0,9
MDAW1BP2,M,DAW,1,BP,2,62.02,272.57,1221.86,2839.74,4157.32,14.0573,1.680672,5.22,0.22,1,5,0,9
MDAW1BQ2,M,DAW,1,BQ,2,62.77,242.76,1237.11,2735.5,4095.89,3.057,3.669725,5.76,0.31,0,8,4,16
MDAW1BR2,M,DAW,1,BR,2,62.92,271.13,1255.19,2845.4,4126.73,14.8184,3.072626,4.78,0.29,0,12,3,21
MDAW1BS2,M,DAW,1,BS,2,59.13,273.96,1606.43,3091.75,4331.52,15.9531,3.891051,4.98,0.34,0,19,1,32
MDAW1BT2,M,DAW,1,BT,2,56.93,173.06,1706.23,3143.52,4239.07,-40,2.777778,5.48,0.5,0,1,1,2
MDAW1BU2,M,DAW,1,BU,2,63.09,269.78,1271.48,3009.69,4296.81,11.6488,10.613208,1,0.48,0,14,0,27
MDAW1BV1,M,DAW,1,BV,1,63.06,259.28,1453.03,3081.62,4428.13,0.6548,6.031746,5.51,1,0,0,0,6
MDAW1BW2,M,DAW,1,BW,2,62.85,265.96,1280.98,2921.72,4252.33,20.8194,4.713805,1.5,0.17,0,16,9,29
MDAW1BX2,M,DAW,1,BX,2,63.36,262.32,1412.38,3146.98,4448.05,-40,4.166667,5.76,0.55,0,4,1,11
MDAW1BY2,M,DAW,1,BY,2,64.09,272.34,1403.83,2903.76,4262.33,10.8405,2.650177,5.66,0.44,0,4,2,9
MDAW1BZ2,M,DAW,1,BZ,2,61.64,257.72,1324.64,2875.16,4098.17,13.0037,3.6,5.12,0.43,0,3,3,7
MDAW1CA2,M,DAW,1,CA,2,67.88,250.41,1157.87,3019.12,4305.69,18.3198,6.09319,5.82,0.6,0,3,1,10
MDAW1CB2,M,DAW,1,CB,2,64.49,275.73,1437.73,2944.21,4184.65,21.679,2.133713,5.19,0.55,0,5,0,11
MDAW1CC2,M,DAW,1,CC,2,66.05,266.28,1478.3,3175.4,4437.32,-2.7353,6.990881,7.19,0.88,0,1,1,8
MDAW1CD2,M,DAW,1,CD,2,66.06,258.44,1515.06,3174.6,4406.34,5.46,5.617978,5.6,0.71,0,2,0,7
MDAW1CE2,M,DAW,1,CE,2,67.11,284.3,1288.88,3096.25,4424.6,0.3039,4.533333,4.62,0.44,0,3,0,9
MDAW1CF2,M,DAW,1,CF,2,65.74,280.5,1217.95,3052.69,4307.66,5.351,4.571429,4.23,0,0,1,3,4
MDAW1CG2,M,DAW,1,CG,2,63.04,239.7,1333.75,2919.14,4162.92,18.7317,3.164557,5.55,0.27,0,5,2,11
MDAW1CH2,M,DAW,1,CH,2,65.91,265.91,1213.41,2952.39,4210.99,13.7382,7.522124,4.39,0.4,0,6,3,15
MDAW1CI2,M,DAW,1,CI,2,61.54,265.94,1445.58,2966.12,4275.12,15.6326,2.5,6.15,0.43,0,2,2,7
MDAW1CJ2,M,DAW,1,CJ,2,66.91,264.19,1371.34,3013.25,4415.11,2.3596,3.076923,4.67,0.2,0,7,1,10
MDPJ1AB2,M,DPJ,1,AB,2,59.55,243.83,1431.86,2972.42,4086.22,17.736,0.526316,5.71,0.4,0,0,3,5
MDPJ1AC2,M,DPJ,1,AC,2,59.39,236.97,1477,2926.03,4063.41,16.6318,0.776915,1,0.18,0,3,6,11
MDPJ1AD2,M,DPJ,1,AD,2,64.25,240.16,1188.15,2972.53,4086.06,15.7845,4.533333,5.17,0.36,0,7,0,11
MDPJ1AE2,M,DPJ,1,AE,2,63.13,263.97,1340.06,2979.49,4117.59,14.7999,2.278481,5.48,0.38,0,8,0,13
MDPJ1AG2,M,DPJ,1,AG,2,66.51,247.86,1377.66,2991.69,4242.86,20.575,1.835798,4.23,0.2,0,30,8,46
MDPJ1AH2,M,DPJ,1,AH,2,75.42,311.76,1128.27,2845.91,4188.85,7.1632,0.704225,3.83,0,0,3,2,5
MDPJ1AI2,M,DPJ,1,AI,2,75.64,302.55,992.03,2779.96,4126.25,24.924,3.378378,3.91,0.6,0,1,1,5
MDPJ1AK2,M,DPJ,1,AK,2,68.48,289.64,1398.64,2736.14,4097.95,17.6743,2.713178,5.89,0.2,0,21,3,30
MDPJ1AL2,M,DPJ,1,AL,2,79.56,374.96,1451.91,2931.1,4218.4,27.8262,2.160761,5.86,0.14,0,10,9,22
MDPJ1AM2,M,DPJ,1,AM,2,76.58,322.88,1201.67,2956.31,4117.2,20.6373,3.174603,5.13,0.17,0,14,10,24
MDPJ1AN2,M,DPJ,1,AN,2,76.21,315.4,1301.98,2829.98,4191.2,22.7566,1.857585,5.75,0.13,0,6,9,16
MDPJ1AO2,M,DPJ,1,AO,2,81.62,361.64,1393.67,2971.14,4167.56,23.4824,1.773649,3.93,0.11,0,14,12,27
MDPJ1AP2,M,DPJ,1,AP,2,79.18,348.21,1481.45,3015.64,4293.64,28.8408,2.070064,1,0.16,0,9,8,19
MDPJ1AQ2,M,DPJ,1,AQ,2,82.74,330.66,1622.52,3102.18,4603.75,15.1457,1.464435,1,0.18,0,4,6,11
MDPJ1AR2,M,DPJ,1,AR,2,78.85,334.51,1291.59,2717.91,4201.72,20.1379,2.201835,5.29,0.22,2,0,7,9
MDPJ1AS2,M,DPJ,1,AS,2,80.19,359.84,1578.58,3016.81,4449.46,17.4739,0.935016,1,0.17,0,17,18,35
MDPJ1AT2,M,DPJ,1,AT,2,78,358.26,1414.58,2928.25,4294.27,25.0717,1.317027,4.47,0.15,0,7,2,13
MDPJ1AU2,M,DPJ,1,AU,2,77.49,340.38,1476.27,2991.74,4293.64,25.1467,1.320677,4.88,0.08,0,15,16,36
MDPJ1AV2,M,DPJ,1,AV,2,80.35,356.34,1566.8,2977.28,4438.93,17.0327,0.77548,5.53,0.15,0,12,18,33
MDPJ1AW2,M,DPJ,1,AW,2,81.8,374.52,1488.9,2814.14,4207.26,29.1626,1.560468,1,0.04,0,14,9,23
MDPJ1AX2,M,DPJ,1,AX,2,79.12,361.08,1377.47,2893.84,4359.47,15.759,3.299857,4.77,0.16,0,17,5,25
MDPJ1AY2,M,DPJ,1,AY,2,80.78,356.05,1381.57,2728.75,4158.37,22.0463,2.70793,5.7,0.18,0,30,11,45
MDPJ1AZ2,M,DPJ,1,AZ,2,81.63,370.87,1616.32,3094.09,4558.06,19.8307,1.279318,6,0.19,0,9,7,16
MDPJ1BA2,M,DPJ,1,BA,2,80.34,362.15,1644.27,3073.14,4393.86,22.5425,2.204409,5.47,0.2,0,23,3,35
MDPJ1BC2,M,DPJ,1,BC,2,80.63,332.71,1638.5,2923.4,4352.21,19.742,2.011494,6.66,0.29,0,9,5,17
MDPJ1BD2,M,DPJ,1,BD,2,81,414.67,1681.77,3101.5,4547.4,14.1923,2.107728,5.68,0.17,0,0,3,6
MDPJ1BE2,M,DPJ,1,BE,2,75.25,370.74,1521.71,2956.73,4260.1,22.2221,1.647655,1,0.2,0,3,7,15
MDPJ1BF2,M,DPJ,1,BF,2,81.55,406.09,1594.38,2935.88,4416.23,15.5104,2.241195,6.07,0.11,0,6,8,18
MDPJ1BG2,M,DPJ,1,BG,2,80.77,369.89,1557.07,3120.35,4549.73,19.2484,2.352941,4.42,0.25,5,0,5,8
MDPJ1BH2,M,DPJ,1,BH,2,79.78,382.29,1429.68,2797.53,4150.97,22.3348,4.573548,5.91,0.04,1,6,15,26
MDPJ1BI2,M,DPJ,1,BI,2,85.55,372.58,1881.16,3346.09,4884.81,14.5097,1.463907118,4.98,0.13,1,0,12,16
MDPJ1BJ2,M,DPJ,1,BJ,2,81.81,344.93,1524.92,2946.63,4288.02,21.5451,8.144796,5.58,0.33,0,8,4,18
MDPJ1BK2,M,DPJ,1,BK,2,83.46,307.39,1537.65,3009.35,4412.8,22.8268,9.556314,1,0.09,2,0,7,11
MDPJ1BM2,M,DPJ,1,BM,2,73.58,334.69,1413.37,3038.95,4313.64,20.7017,3.397028,5.53,0.33,0,12,5,24
MDPJ1BN2,M,DPJ,1,BN,2,78.69,399.59,1445.9,2848.82,4238.9,23.6793,2.284451,3.59,0.29,1,3,7,14
MDPJ1BP2,M,DPJ,1,BP,2,63.07,266.97,1325.62,2866.42,4253.45,17.0821,2.002356,5.48,0.33,0,5,3,12
MDPJ1BQ2,M,DPJ,1,BQ,2,79.39,341.57,1138.89,2810.58,4262.44,24.6484,1.840056654,5.52,0.17,0,12,7,23
MDPJ1BR2,M,DPJ,1,BR,2,78.49,404.13,1697.4,3118.36,4487.1,15.5168,1.708075,6.47,0.14,0,7,3,14
MDPJ1BS2,M,DPJ,1,BS,2,78.07,410.13,1611.75,2941.88,4347.2,27.4111,2.603232,5.67,0.17,0,6,13,23
MDPJ1BU2,M,DPJ,1,BU,2,75.79,371,1508.3,2939.18,4340.59,18.947,2.286585,5.58,0.36,0,10,4,22
MDPJ1BV2,M,DPJ,1,BV,2,77.93,406.12,1629.4,3054.02,4464.63,22.6946,1.425439,4.47,0.3,0,3,5,10
MDPJ1BW2,M,DPJ,1,BW,2,78.59,380.68,1564.75,2933.36,4292.16,23.6256,2.024922,6.36,0.02,0,22,19,42
MDPJ1BX2,M,DPJ,1,BX,2,80.61,380.73,1486.14,2908.88,4418.16,14.9857,1.603206,4.67,0.19,0,4,10,16
MGLP1AA2,M,GLP,1,AA,2,57.4,162.66,1194.86,2723.91,4048.66,11.7759,4.863222,7.47,0.56,0,2,2,9
MGLP1AB2,M,GLP,1,AB,2,58.62,173.18,1079.49,2831.44,4109.6,3.1407,6.976744,6.8,0.8,0,0,1,5
MGLP1AC2,M,GLP,1,AC,2,60.25,171.26,1437.65,2826.14,4155.91,7.7842,7.45098,7.94,0.56,0,4,0,9
MGLP1AD1,M,GLP,1,AD,1,57.72,163.92,1052.43,2711.06,3910.01,-40,7.20339,6.48,1,0,0,0,4
MGLP1AE1,M,GLP,1,AE,1,57.18,165.65,1208.13,2806.07,4035.94,13.6776,6.388889,7.12,0.83,0,0,1,6
MGLP1AF1,M,GLP,1,AF,1,60.11,168.21,1057.2,2730.17,4016.51,6.0338,6.9869,7.67,1,0,0,0,4
MGLP1AG2,M,GLP,1,AG,2,59.74,165.74,1238.31,2830.52,4115.77,9.0254,6.446541,7.44,0.5,0,11,2,26
MGLP1AH1,M,GLP,1,AH,1,62.38,167.73,1263.15,2845.17,4305.05,-2.0845,5.298013,4.47,1,0,0,0,2
MGLP1AI1,M,GLP,1,AI,1,61.84,168.49,1111.31,2675.63,4078.07,4.3034,7.035176,7.85,1,0,0,0,4
MGLP1AJ1,M,GLP,1,AJ,1,60.24,172.62,1507.1,2973.53,4308.01,2.8057,7.727273,7.9,1,0,0,0,5
MGLP1AK2,M,GLP,1,AK,2,61.07,170,1248.43,2640.71,4053.28,12.1223,7.715134,8.1,1,0,0,0,7
MGLP1AL2,M,GLP,1,AL,2,58.97,177.78,1168.85,2705.55,4160.2,17.5105,5.192878,6.78,1,0,0,2,8
MGLP1AM2,M,GLP,1,AM,2,60.65,169.98,907.48,2658.55,3988.06,13.6632,6.104651,7.18,0.57,0,1,2,7
MGLP1AN2,M,GLP,1,AN,2,61.07,168.7,1017.62,2465.85,4012.32,4.6359,6.617647,6.45,0.43,0,0,5,7
MGLP1AO2,M,GLP,1,AO,2,60.87,166.88,993.21,2557.83,3946.68,11.61,5.371901,6.16,1,0,0,0,9
MGLP1AP1,M,GLP,1,AP,1,58.82,171.64,1353.68,2828.19,4186.27,15.8129,3.994674,7.04,1,0,0,0,7
MGLP1AQ2,M,GLP,1,AQ,2,59.32,162.32,1249.35,2846.72,4154.47,9.4401,3.714286,4.92,0.8,0,0,1,5
MGLP1AR2,M,GLP,1,AR,2,63.94,169.64,1066.31,2606.14,4004.81,5.3005,6.048387,6.73,0.38,0,1,3,8
MGLP1AS2,M,GLP,1,AS,2,60.19,169.84,1225.22,2848.72,4185.69,14.3627,3.34728,6.28,0.22,0,0,3,9
MGLP1AT1,M,GLP,1,AT,1,62.51,179.11,1295.14,2804.85,4109.57,7.695,5.735661,7.01,1,0,0,0,6
MGLP1AU1,M,GLP,1,AU,1,60.69,174.69,1381.2,2863.86,4174.08,11.7764,6.719368,7.24,0.82,0,0,2,11
MGLP1AV2,M,GLP,1,AV,2,61.93,179.25,1273.17,2721.43,4038.86,17.8853,10.606061,6.78,0.71,0,4,0,17
MGLP1AW1,M,GLP,1,AW,1,64.85,182.27,1089.2,2689.43,3925.82,5.2335,7.720588,6.54,1,0,0,0,5
MGLP1AX2,M,GLP,1,AX,2,62.16,176.4,1302.33,2915.66,4302.18,4.2367,5.769231,7.56,0.5,0,2,0,8
MGLP1AY1,M,GLP,1,AY,1,62.78,173.46,1120.29,2756.66,4086.78,-0.3914,9.290954,7.47,1,0,0,0,10
MGLP1AZ1,M,GLP,1,AZ,1,61.81,173.32,1392.45,2962.79,4333.51,12.6209,5.810398,6.81,0.8,0,0,1,5
MGLP1BA2,M,GLP,1,BA,2,59.78,171.83,1390.87,2946.06,4297.95,9.7822,5.128205,6.72,0.63,0,5,1,16
MGLP1BB1,M,GLP,1,BB,1,62.29,185.39,1695.28,3217.37,4454.36,7.4542,8.156028,7.65,1,0,0,0,7
MGLP1BC1,M,GLP,1,BC,1,63.03,178.7,1403.71,2828.79,4104.06,6.0316,6.422018,6.17,0.57,0,1,1,7
MGLP1BD1,M,GLP,1,BD,1,61.76,180.24,1410.61,2963.15,4332.45,6.2486,7.453416,7.38,1,0,0,0,5
MGLP1BE1,M,GLP,1,BE,1,59.45,176.32,1511.5,3071.87,4334,15.6723,4.242424,7.28,1,0,0,0,10
MGLP1BF1,M,GLP,1,BF,1,60.63,174.09,1362.27,2864.75,4202.33,13.9795,6.039076,7.18,1,0,0,0,11
MGLP1BG1,M,GLP,1,BG,1,62.62,178.9,1503.98,3077.33,4364.27,8.2427,6.428571,7.66,0.88,0,0,0,8
MGLP1BH1,M,GLP,1,BH,1,61.59,173.58,1176.3,2696.5,4070.22,-0.3943,8.115942,7.59,0.88,0,0,1,8
MGLP1BI1,M,GLP,1,BI,1,61.83,177.69,1440.71,2951.24,4246.51,11.5479,5.067064,6.9,1,0,0,0,11
MGLP1BJ2,M,GLP,1,BJ,2,61.93,184.73,1349.27,3013.6,4332.13,21.1456,7.692308,7.74,0.45,0,6,0,11
MGLP1BK1,M,GLP,1,BK,1,61.21,177.62,1343.62,2911.04,4205.28,15.1734,6.640625,7.29,0.89,0,0,1,9
MGLP1BL1,M,GLP,1,BL,1,61.83,176.63,1301.29,2830.47,4167.81,1.742,7.85124,6.79,0.75,0,0,0,4
MGLP1BM1,M,GLP,1,BM,1,62.61,174.1,1214.37,2839.16,4160.07,5.5523,7.743363,7.05,0.73,0,0,1,11
MGLP1BN2,M,GLP,1,BN,2,61.89,177.12,1355.58,2949.5,4169.48,8.2503,9.446254,8,0.73,0,1,2,11
MGLP1BO1,M,GLP,1,BO,1,60.82,181.83,1478.39,3152.1,4459.13,-1.4538,8.5,7.21,1,0,0,0,5
MGLP1BP1,M,GLP,1,BP,1,63.38,172.05,1320.19,2962.99,4221.33,11.6002,6.862745,6.05,0.83,1,0,1,6
MGLP1BQ2,M,GLP,1,BQ,2,62.54,179.99,1182.53,2849.94,4176.08,3.9861,7.164179,7,0.88,0,0,2,8
MGLP1BR2,M,GLP,1,BR,2,63.46,191.07,1461.82,3112.74,4263.05,4.5092,6.790123,7.3,0.6,0,0,2,5
MGLP1BS2,M,GLP,1,BS,2,57.48,169.91,1226.43,2908.61,4227.94,17.8083,3.564899,7.32,0.55,0,9,1,22
MGLP1BT1,M,GLP,1,BT,1,62.69,173.33,1262.96,2860.85,4156.56,10.1635,8.024691,7.3,0.89,0,0,1,9
MGLP1BU2,M,GLP,1,BU,2,63.63,176.67,1168.49,2817.9,4117.82,9.2637,12.195122,7.16,0.6,0,5,1,15
MGLP1BV1,M,GLP,1,BV,1,62.7,193.41,1383.65,2977.74,4203.14,-2.7476,8.878505,7.43,1,0,0,0,6
MGLP1BW1,M,GLP,1,BW,1,61.03,171.99,1220.43,2875.5,4164.23,17.3358,5.124224,6.27,0.9,0,0,1,10
MGLP1BX1,M,GLP,1,BX,1,64.49,182.73,1269.04,2952.33,4351.06,1.33,7.751938,7.89,1,0,0,1,7
MGLP1BY1,M,GLP,1,BY,1,62.84,179.66,1290.13,2936.13,4167.87,1.502,9.183673,7.49,1,0,0,0,5
MGLP1BZ1,M,GLP,1,BZ,1,62.18,173.85,1283.94,2877.8,4281.14,-0.7839,8.490566,7.62,1,0,0,0,4
MGLP1CA1,M,GLP,1,CA,1,62.17,176.57,1114.17,2874.43,4195.33,3.734,8.064516,7.36,0.86,0,0,1,7
MGLP1CB2,M,GLP,1,CB,2,60.33,172.26,1283.87,2902.14,4168.48,17.2981,3.401361,7.54,0.63,0,2,1,8
MGLP1CC2,M,GLP,1,CC,2,63.49,180.11,1484.27,2938.81,4225.35,19.5677,8.880309,7.46,0.88,0,1,0,8
MGLP1CD2,M,GLP,1,CD,2,60.9,174.59,1519.52,3176.96,4405.7,0.585,5.978261,7.17,0.83,0,1,0,6
MGLP1CE2,M,GLP,1,CE,2,60.49,178.45,1433.55,3024.92,4305.4,18.767,1.911765,6.22,0.58,0,5,0,12
MGLP1CF2,M,GLP,1,CF,2,62.76,170.78,1183.3,2685.87,4000.16,2.726,6.5,7.09,0.83,0,1,0,6
MGLP1CG2,M,GLP,1,CG,2,61.29,176.68,1319.22,2958.66,4294.42,9.4069,5.413105,6.85,1,0,0,0,8
MGLP1CH2,M,GLP,1,CH,2,61.01,183.75,1362.04,2932.03,4180.05,10.0643,8.389262,7.58,0.88,0,1,0,8
MGLP1CI1,M,GLP,1,CI,1,58.68,170.29,1344.98,2917.85,4293.05,8.7504,5.370844,7.46,1,0,0,1,5
MGLP1CJ2,M,GLP,1,CJ,2,60.34,174.7,1249.38,2833.45,4155.66,14.7683,7.777778,6.62,0.41,0,5,3,17
MGLP1CK2,M,GLP,1,CK,2,61.71,177.77,1359.82,2894.11,4111.73,17.7353,5.39629,4.03,0.62,0,4,1,13
MGLP1CL2,M,GLP,1,CL,2,60.24,172.15,1172.39,2703.79,4089.73,11.5771,2.956705,7.08,0.59,0,6,1,17
MGLP1CM2,M,GLP,1,CM,2,61.02,172.63,1312.88,2890.42,4109.64,13.2353,3.736655,6.77,0.58,0,3,1,12
MGLP1CN1,M,GLP,1,CN,1,60.54,168.2,1188.15,2715.29,4035.66,15.6126,6.722689,6.9,0.85,0,0,0,13
MGLP1CO1,M,GLP,1,CO,1,62.49,177.43,1064.13,2588.21,3882.07,2.8919,9.60961,7.87,0.89,0,0,1,9
MGLP1CP1,M,GLP,1,CP,1,61.4,170.52,1359.06,2810.81,4202.93,15.3457,5.789474,6.32,0.86,0,0,1,7
MGLP1CQ2,M,GLP,1,CQ,2,62.77,180.94,1334.42,2765.39,4069.77,10.0698,7.8125,7.98,0.64,0,1,2,11
MGLP1CR2,M,GLP,1,CR,2,61.14,176.38,1350.63,2863.01,4179.73,13.8106,4.669261,6.88,0.8,0,2,0,10
MGLP1CS2,M,GLP,1,CS,2,61.21,173.03,1254.08,2752.04,4059.25,17.6343,4.803074,7.43,0.68,0,6,1,22
MGLP1CT2,M,GLP,1,CT,2,62.23,178.17,1043.56,2602.42,4061.37,2.9113,5.982906,7.28,0.63,0,3,1,8
MGLP1CU2,M,GLP,1,CU,2,62.01,183.38,1153.58,2783.06,4069.2,17.0728,11.513158,6.42,0.42,0,6,4,19
MGLP1CV2,M,GLP,1,CV,2,61.47,167.72,1197.75,2704.41,3976.01,19.6431,2.564103,6.53,0.22,0,1,5,9
MGLP1CW1,M,GLP,1,CW,1,61.93,165.46,1166.65,2692.83,4083.08,6.3239,9.128631,8.23,1,0,0,0,7
MGLP1CX2,M,GLP,1,CX,2,60.31,171.27,1441.21,2864.49,4116.48,11.2636,3.67893,6.96,0.67,0,6,0,21
MGLP1CY2,M,GLP,1,CY,2,61.36,177.98,1340.46,2703.61,4134.82,11.497,11.764706,8.37,0.75,0,2,0,8
MGLP1CZ2,M,GLP,1,CZ,2,60.26,175.43,1400.8,2848.64,4140.33,18.2883,7.161125,6.64,0.43,0,12,0,21
MGLP1DA2,M,GLP,1,DA,2,63.3,184.37,1009.42,2680.91,4005.97,12.2906,8.287293,7.54,0.71,0,1,1,7
MGLP1DB2,M,GLP,1,DB,2,59.27,172.88,1434.61,2979.57,4197.34,12.1845,3.132832,3.73,0.43,0,6,2,14
MGLP1DC2,M,GLP,1,DC,2,63.22,174.26,1257.55,2773.37,4157.74,11.8094,9.574468,7.48,0.85,0,1,1,13
MGLP1DD2,M,GLP,1,DD,2,61.57,172.45,1324.52,2909.08,4174.27,11.1913,7.559395,7.73,0.82,0,1,1,11
MGLP1DE2,M,GLP,1,DE,2,60.48,172.13,1387.37,2935.21,4154.77,12.5258,4.803493,7.31,0.71,0,3,1,14
MGLP1DF2,M,GLP,1,DF,2,61.01,177.35,1562.23,2971.86,4384.14,18.5513,5.567452,7.92,0.67,0,2,1,9
MGLP1DG2,M,GLP,1,DG,2,63.01,173.88,1184.02,2783.48,4062,4.8705,5.428571,8.27,0.67,0,1,2,9
MGLP1DH2,M,GLP,1,DH,2,60.03,169.59,1233.45,2684.72,3989.38,13.5904,5.017921,6.92,0.67,0,4,2,18
MGLP1DI2,M,GLP,1,DI,2,64.44,177.04,1162.95,2588.07,3937.3,3.5998,6.880734,7.05,0.63,0,3,0,8
MGLP1DJ2,M,GLP,1,DJ,2,62.01,173.16,1226.96,2658.8,3967.33,15.4604,5.032823,6.68,0.65,0,9,0,26
MGLP1DK2,M,GLP,1,DK,2,61.93,179.66,1217.21,2639.27,3974.41,10.5298,5.676127,6.63,0.67,0,1,3,12
MGLP1DL2,M,GLP,1,DL,2,61.83,171.29,1233.06,2619.64,4080.57,13.1054,5.833333,7.63,0.67,0,1,1,9
MGLP1DM1,M,GLP,1,DM,1,62.87,176.87,1320,2882.18,4225.25,8.1847,6.157635,6.82,1,0,0,0,7
MGLP1DN2,M,GLP,1,DN,2,58.24,172.59,1194.54,2762.14,3996.43,16.0244,2.932099,6.68,0.45,0,4,0,11
MGLP1DO1,M,GLP,1,DO,1,63.18,175.01,1376.26,2733.05,4152.5,8.4029,7.2,6.86,0.88,0,0,2,8
MGLP1DP1,M,GLP,1,DP,1,64.54,170.26,1378.21,2759.21,4062.64,-0.3121,10,7.05,1,1,0,3,6
MGLP1DQ1,M,GLP,1,DQ,1,63.31,169.25,1272.05,2592.41,4013.91,17.7286,6.026365,7.02,0.5,0,0,3,8
MGLP1DR2,M,GLP,1,DR,2,61.32,183.36,1299.49,2667.32,3943.86,16.1315,4.43686,7.15,0.77,0,2,0,13
MGLP1DS1,M,GLP,1,DS,1,62.21,179.19,1158.8,2658.63,3902.2,11.8739,5.52017,6.87,1,0,0,1,9
MGLP1DT1,M,GLP,1,DT,1,62.08,165.77,1248.89,2744.09,4095.1,6.6694,8.695652,7.71,0.92,0,1,2,12
MGLP1DU2,M,GLP,1,DU,2,62.33,178.7,1368.65,2924.32,4230.17,5.6459,7.462687,7.8,0.58,0,3,2,12
MGLP1DV2,M,GLP,1,DV,2,58.86,171.41,1436.05,2822.34,4144.45,10.607,2.710027,6.88,0.55,0,2,2,11
MGLP1DW2,M,GLP,1,DW,2,61.86,181.45,1427.18,2825.24,4075.48,11.5386,4.056162,6.81,0.46,0,6,1,13
MGLP1DX2,M,GLP,1,DX,2,63.23,182.31,1519.04,2730.71,4167.78,-0.861,5.389222,7.89,0.5,0,3,0,6
MGLP1DY2,M,GLP,1,DY,2,60.56,168.42,1235.01,2771.91,4130.18,9.681,7.985481,7.19,0.69,0,4,1,16
MGLP1DZ2,M,GLP,1,DZ,2,60.09,192.82,1401.19,2869.81,3999.65,18.7586,5.635838,7.59,0.35,0,8,3,17
MJMA1AA2,M,JMA,1,AA,2,68.7,275.35,956.14,3124.08,4230.2,13.8816,8.396947,8.16,0.5,0,5,1,12
MJMA1AB2,M,JMA,1,AB,2,66.05,302.73,1103.91,2899.32,4063.03,17.6607,3.710575,7.16,0.22,0,11,3,18
MJMA1AC2,M,JMA,1,AC,2,65.82,284.1,1140.7,3013.23,4183.77,-40,7.284768,7.89,0.67,0,2,0,6
MJMA1AD2,M,JMA,1,AD,2,65.7,301.65,1051.92,2932.26,4071.47,11.6153,3.212851,7.94,0.2,0,6,2,10
MJMA1AE2,M,JMA,1,AE,2,69.19,293.52,885.87,2885.43,4109.84,13.7681,4.232804,7.08,0.29,0,1,4,7
MJMA1AF2,M,JMA,1,AF,2,69.81,303.73,1088.83,2943.99,4189.32,10.0645,6.369427,7.74,0.33,0,5,1,9
MJMA1AG2,M,JMA,1,AG,2,68.02,305.62,1288.6,3049.29,4214.92,20.6547,4.845222,6.9,0.54,0,9,2,24
MJMA1AH2,M,JMA,1,AH,2,68.9,286.76,906.8,2694.58,4270.13,13.2056,6.10687,6.49,0,0,2,1,4
MJMA1AJ2,M,JMA,1,AJ,2,69.08,303.71,1003.94,2780.65,4143.83,9.0603,9.134615,7.19,0.6,0,3,1,10
MJMA1AL2,M,JMA,1,AL,2,68.8,303.78,1172.64,2841.19,4156.08,14.6133,5.050505,6.8,0.56,0,3,1,9
MJMA1AM2,M,JMA,1,AM,2,71.16,307.6,840.13,2902.73,4097.06,12.7956,6.896552,6.59,0.63,0,2,0,8
MJMA1AN2,M,JMA,1,AN,2,69.99,296.6,913.75,2796.98,4144.12,18.3233,8.962264,7.2,0.5,0,2,2,8
MJMA1AO2,M,JMA,1,AO,2,69.74,310.32,1129.57,2771.66,4122.42,25.2551,4.398827,6.78,0.47,0,6,1,17
MJMA1AP2,M,JMA,1,AP,2,69.13,312.69,1133.23,2827.49,4080.33,13.6085,7.365439,6.99,0.88,0,0,1,8
MJMA1AQ2,M,JMA,1,AQ,2,69.67,302.59,1216.86,2910.68,4235.69,11.6357,8.050847,7.28,0.71,0,2,0,7
MJMA1AS2,M,JMA,1,AS,2,70.11,299.94,1165.9,3156.05,4254.4,11.0716,5.678233,5.78,0.38,0,9,0,16
MJMA1AT2,M,JMA,1,AT,2,71.02,319.25,1024.23,2799.34,4316.72,10.1255,9.375,7.18,0.78,0,2,0,9
MJMA1AU2,M,JMA,1,AU,2,69.67,320.72,1165.29,2838.36,4082.01,23.0515,4.273504,7.09,0.73,0,3,1,15
MJMA1AV2,M,JMA,1,AV,2,69.43,308.98,1235.79,2841.57,4133.6,25.4306,5.041032,7.06,0.6,0,5,2,20
MJMA1AW2,M,JMA,1,AW,2,71.68,314.2,951.03,2612.88,4047.02,12.1866,10.497238,4.79,0.33,0,4,2,9
MJMA1AX2,M,JMA,1,AX,2,71.81,313.17,942.56,2737.45,4158.71,16.8638,11.504425,8.02,0.63,0,2,1,8
MJMA1AY2,M,JMA,1,AY,2,68.52,307.44,1075.79,2721.92,4131.48,19.3504,5.8,8.19,0.38,0,7,4,16
MJMA1AZ2,M,JMA,1,AZ,2,68.47,307.27,1310.19,2917.35,4152.77,17.022,4.324324,5.96,0.67,0,1,1,6
MJMA1BA2,M,JMA,1,BA,2,69.86,325.6,1239.93,2875.95,4184.69,20.2765,8.823529,6.19,0.54,0,3,3,13
MJMA1BB2,M,JMA,1,BB,2,71.08,326.03,1233.22,2925.38,4042.37,18.7862,10.526316,7.55,0.91,0,1,0,11
MJMA1BC2,M,JMA,1,BC,2,70.93,303.56,1220.61,2652.35,4011.2,19.0452,7.720588,6.48,0.88,0,1,1,8
MJMA1BD2,M,JMA,1,BD,2,70.57,317.16,1095.39,2839.27,4302.02,9.85,10.11236,7.94,0.67,0,1,1,6
MJMA1BE2,M,JMA,1,BE,2,66.88,298.24,1084.31,2945.32,4151.26,14.4637,4.255319,6.93,0.73,0,2,2,11
MJMA1BF2,M,JMA,1,BF,2,67.65,306.9,1216.51,2824.56,4162.24,22.5969,5.607477,7.46,0.81,0,3,0,16
MJMA1BG2,M,JMA,1,BG,2,69.58,326.94,1282.97,3022.95,4155.9,19.6193,9.717868,7.37,0.75,0,3,0,12
MJMA1BH2,M,JMA,1,BH,2,66.85,316.62,1056.38,2848.4,4096.37,18.7926,6.804734,6.89,0.82,0,2,0,11
MJMA1BI2,M,JMA,1,BI,2,67.22,314.72,1169.11,2862.29,4058.05,16.714,6.509946,7.75,0.92,0,1,0,13
MJMA1BK2,M,JMA,1,BK,2,67.31,314.42,1279.7,2899.56,4214.31,19.3504,9.863014,7.04,0.77,0,3,0,13
MJMA1BL2,M,JMA,1,BL,2,66.17,323.49,1431.15,3061.7,4171.38,18.1755,2.898551,7.06,0.86,0,1,0,7
MJMA1BM2,M,JMA,1,BM,2,66.74,313.78,1153.78,2888.74,4212.56,18.6887,6.262231,2.83,0.83,0,1,1,12
MJMA1BN2,M,JMA,1,BN,2,68.57,309.58,1151.99,3084.32,4249.23,14.0954,6.650831,7.03,0.75,0,2,3,12
MJMA1BO2,M,JMA,1,BO,2,69.4,317,788.39,2954.5,4262.02,17.4625,9.60452,6.74,0.71,0,2,0,7
MJMA1BP2,M,JMA,1,BP,2,69.43,296.39,990.27,2716.18,4063.13,15.2438,5.904059,7.41,0.5,0,4,1,10
MJMA1BQ2,M,JMA,1,BQ,2,67.42,294.27,862.69,2851.71,4058.3,0.1115,8.143322,7.17,0.31,0,5,2,13
MJMA1BR2,M,JMA,1,BR,2,68,284.99,1316.89,3073.24,4290.3,2.152,4.433498,7.17,0.43,0,2,2,7
MJMA1BS2,M,JMA,1,BS,2,66.77,303.99,1095.93,2856.62,4186.15,18.1801,8.653846,7.22,0.5,1,5,4,16
MJMA1BT2,M,JMA,1,BT,2,68.51,315.22,1037.94,3077.98,4257.05,9.5122,5.449591,6.46,0.78,0,0,2,9
MJMA1BU2,M,JMA,1,BU,2,68.94,306.2,1120.97,2889.78,4101.48,17.2301,4.017857,6.95,0.62,0,3,2,13
MJMA1BV2,M,JMA,1,BV,2,67.16,281.91,1132.11,2908.31,4070.59,14.9922,3.378378,6.85,0.55,0,3,2,11
MJMA1BW2,M,JMA,1,BW,2,67.37,307.27,1101.67,2977.39,4165.91,11.7143,5.357143,6.66,0.71,0,3,0,14
MJMA1BX2,M,JMA,1,BX,2,70.18,294.21,932.62,2838.26,4114.49,22.9078,6.21118,7.18,0.7,0,3,0,10
MJMA1BY2,M,JMA,1,BY,2,70.32,296.5,941.62,2908.3,4285.86,10.8685,7.894737,7.68,0.5,0,1,2,6
MJMA1BZ2,M,JMA,1,BZ,2,69.54,303.76,917.76,2665.07,3982.77,20.2212,8.461538,8.06,0.3,0,6,1,10
MJMA1CA2,M,JMA,1,CA,2,67.24,297.1,948.36,2955.71,4125.05,10.1711,5.597015,7.18,0.36,0,4,3,11
MJMA1CB2,M,JMA,1,CB,2,68.98,305.95,937.16,2826.89,4032.82,22.456,6.25,4.35,0.36,0,5,2,11
MJMA1CC2,M,JMA,1,CC,2,69.44,311.54,1086.73,2859.78,4032.03,12.6684,5.555556,7.51,0.86,0,0,1,7
MJMA1CD2,M,JMA,1,CD,2,68.51,301.9,1237.83,2964.67,4261.84,17.5772,3.606557,5.47,0.36,0,6,1,11
MJMA1CE2,M,JMA,1,CE,2,69.29,286.7,986.34,2794.12,4110.86,12.0596,5.069124,7.16,0.36,0,5,2,11
MJMA1CF2,M,JMA,1,CF,2,70.95,316.62,1141.92,2658.4,4025.36,19.3366,6.835443,6.24,0.7,0,2,0,10
MJMA1CG2,M,JMA,1,CG,2,66.8,296.76,1011.17,2908.12,4022.54,19.9205,4.977376,6.72,0.57,0,6,0,14
MJMA1CH2,M,JMA,1,CH,2,67.12,306.53,1185.14,2698.65,4004.47,24.8297,2.403204,6.67,0.42,0,7,4,19
MJMA1CI2,M,JMA,1,CI,2,69.68,320.74,1014.32,2948.44,4202.56,9.8736,9.547739,7.5,0.67,0,1,1,6
MJMA1CJ2,M,JMA,1,CJ,2,66.89,308.8,1331.45,2925.47,4117.69,20.4556,4.347826,1,0.5,0,5,4,18
MJMA1CK2,M,JMA,1,CK,2,66.75,326.81,1053.87,2915.96,4150.63,9.5933,8.235294,7.8,0.56,0,2,2,9
MJMA1CL2,M,JMA,1,CL,2,64.13,315.21,1190,2826.09,4161.92,16.7787,5.457464,6.52,0.63,0,4,0,19
MJMA1CM2,M,JMA,1,CM,2,68.27,300.17,863.77,2994.36,4235.34,7.7377,7.565789,4.61,0.6,0,4,0,15
MJMA1CN2,M,JMA,1,CN,2,67.53,305.41,1045.99,2853.65,4078.26,20.2463,4.676259,6.03,0.4,0,11,2,25
MJMA1CO2,M,JMA,1,CO,2,66.18,316.88,1113.4,2845.97,4085.73,10.8135,4.776119,6.49,0.5,0,3,4,14
MJMA1CP2,M,JMA,1,CP,2,67.01,315.1,1090.69,2964.12,4241.68,16.4823,6.162465,6.91,0.64,0,3,3,11
MJMA1CR2,M,JMA,1,CR,2,65.26,311.87,987.72,2874.94,4134.59,10.8851,6.960557,6.94,0.53,0,8,0,17
MJMA1CS2,M,JMA,1,CS,2,68.62,312.55,1159.26,3001.73,4303.91,20.9124,8.661417,6.92,0.69,0,3,1,16
MJMA1CT2,M,JMA,1,CT,2,66.78,307.48,1020.41,2889.73,4156.26,8.5459,8.097166,6.93,0.86,0,1,0,7
MJMA1CU2,M,JMA,1,CU,2,66.85,317.54,1117.53,2961.28,4209.98,16.5296,7.525084,6.55,0.73,0,6,2,22
MJMA1CW2,M,JMA,1,CW,2,68.27,306.45,788.26,2773.74,4148.45,12.1203,10.185185,7.1,0.78,0,2,0,9
MJMA1CX2,M,JMA,1,CX,2,67.07,306.4,1230.26,2952.62,4119.25,19.6182,3.713528,7.11,0.36,0,9,2,22
MJMA1CY2,M,JMA,1,CY,2,64.08,310.72,1148.63,2969.67,4123.06,12.1139,4.975124,7.19,0.67,0,0,1,6
MJMA1CZ2,M,JMA,1,CZ,2,64.86,310.55,1183.13,2936.22,4135.16,18.6763,4.323094,6.91,0.74,0,5,0,19
MJMA1DA2,M,JMA,1,DA,2,68.59,297.65,779.87,2889.81,4163.48,3.5252,8.280255,7.79,0.67,0,1,1,6
MJMA1DB2,M,JMA,1,DB,2,65.62,312.69,1148.44,2972.8,4158.06,12.8693,8.241758,7.66,0.57,0,6,0,14
MJMA1DC2,M,JMA,1,DC,2,64.85,292.65,1257.27,3060.36,4234.97,-1.5193,3.503185,6.89,0.47,0,7,2,17
MJMA1DD2,M,JMA,1,DD,2,66.53,326.98,957.25,2708.15,4125.84,1.4568,7.086614,7.39,0.8,0,1,1,10
MJMA1DE2,M,JMA,1,DE,2,66.28,310.63,1174.09,2986.51,4238.21,12.1474,5.818966,7,0.8,0,1,1,10
MJMA1DF2,M,JMA,1,DF,2,66.5,322.45,1079.77,2950.2,4201.97,3.4308,4.958678,7.04,0.5,0,2,3,10
MJMA1DG2,M,JMA,1,DG,2,69.6,324.97,971.69,2780.88,4123.64,16.0657,5.864198,7.14,0.33,0,3,2,12
MJMA1DH2,M,JMA,1,DH,2,67.4,314.35,1084.69,2943,4128.22,25.5131,5.357143,6.28,0.52,0,9,1,21
MJMA1DJ2,M,JMA,1,DJ,2,66.26,310.36,1188.31,2794.24,4147.7,14.6663,9.02439,7.18,0.57,0,7,2,21
MJMA1DK2,M,JMA,1,DK,2,66.69,313.82,1188.65,2935.16,4106.94,9.1762,5.757576,6.83,0.67,0,3,1,12
MJMA1DL2,M,JMA,1,DL,2,68.78,320.62,907.78,2729.18,4195.77,10.4621,11.152416,7.46,0.89,0,1,0,9
MJMA1DM2,M,JMA,1,DM,2,67.92,315.47,1115.34,2967.72,4095.51,16.5251,6.963788,6.38,0.78,0,2,0,9
MJMA1DN2,M,JMA,1,DN,2,70.31,301.76,786.84,2725.93,4009.05,6.1947,7.253886,6.93,0.75,0,1,1,8
MJMA1DO2,M,JMA,1,DO,2,66.95,322.6,1114.54,2789.37,4073.64,12.7725,6,7.22,0.5,0,8,0,16
MJMA1DP2,M,JMA,1,DP,2,68.22,311.25,1073.65,2782.02,3968.64,17.938,7.427056,7.65,0.46,0,5,2,13
MJMA1DQ2,M,JMA,1,DQ,2,67.77,286.17,957.54,2614.63,3930.99,9.583,5.793451,6.89,0.33,0,1,2,9
MJMA1DR2,M,JMA,1,DR,2,67.48,316.14,1064.61,2854.09,4075.5,20.4613,5.373134,6.6,0.18,0,11,3,17
MJMA1DS2,M,JMA,1,DS,2,69.05,314.08,880.22,2700.38,3899.23,10.9776,7.523511,6.7,0.7,0,1,2,10
MJMA1DT2,M,JMA,1,DT,2,39.93,247.5,1358.25,2999.05,3920.43,-0.0722,0,1,0,0,1,1,2
MJMA1DU2,M,JMA,1,DU,2,67.37,311.2,875.65,2833.79,4079.44,8.8983,7.986111,6.45,0.75,0,1,2,8
MJMA1DW2,M,JMA,1,DW,2,67.37,305.1,1146.71,3008.03,4041.62,18.1579,4.521739,6.42,0.5,0,2,3,10
MJMA1DX2,M,JMA,1,DX,2,64.95,314.91,1214.41,2958.56,4367.19,-1.6385,10.23622,6.85,0.38,0,5,1,8
MJMA1DY2,M,JMA,1,DY,2,67.05,294.11,1047.05,3016.54,4187.53,20.4199,5.946792,7.56,0.55,0,10,0,22
MJMA2DZ2,M,JMA,2,DZ,2,65,293.56,1137.13,2887.6,4031.27,18.6564,6.304729,7.08,0.5,0,8,1,18
MJMA3EB2,M,JMA,3,EB,2,68.83,311.79,1075.45,2760.67,4072.8,23.5653,6.823028,7.15,0.83,0,2,1,12
MJMA3EC2,M,JMA,3,EC,2,66.89,315.53,1137.64,2866.09,4092.83,22.6071,4.869857,6.86,0.62,0,11,0,29
MJMA3ED2,M,JMA,3,ED,2,63.87,321.09,1104.56,2896.46,4126.55,11.9403,5.454545,6.71,0.5,0,2,2,8
MJMA3EE2,M,JMA,3,EE,2,65.71,308.83,1081.04,2844.9,4078.04,22.034,6.09358,7.07,0.86,0,3,1,22
MJMA3EF2,M,JMA,3,EF,2,66.57,307.15,1064.19,2881.64,4126.2,18.3555,6.045082,7.24,0.79,0,4,3,24
MJMA3EG2,M,JMA,3,EG,2,66.07,318.3,1101.56,2906.14,4031.33,24.8094,2.835052,6.33,0.28,0,11,7,25
MJMA3EH2,M,JMA,3,EH,2,65.89,310.75,1117.49,2857.45,4044.39,15.6089,3.933566,6.74,0.47,0,14,5,32
MJMA3EI2,M,JMA,3,EI,2,69.87,306.77,1042.04,2533.05,4008.71,10.8833,5.945946,6.87,0.57,0,3,0,7
MJMA3EJ2,M,JMA,3,EJ,2,66.66,320.13,1067.66,2868.08,4046.67,19.7284,3.631961,6.63,0.36,1,3,2,11
MJMA3EK2,M,JMA,3,EK,2,66.04,320.78,1295.83,2848.29,4081.68,15.5323,3.994674,2.85,0.81,0,3,0,16
MJMA3EL2,M,JMA,3,EL,2,67,315.59,1113.46,2900.11,4159.41,12.2467,3.317536,6.44,0.65,0,6,0,17
MJMA3EM2,M,JMA,3,EM,2,66.15,312.89,1112.82,3001.48,4167.72,22.7577,5.696203,6.49,0.88,0,3,0,25
MJMA3EN2,M,JMA,3,EN,2,66.17,310.27,996.12,2915.46,4151.8,20.6507,6.442577,3.69,0.56,0,7,7,18
MJMA3EO2,M,JMA,3,EO,2,66.08,319.36,1184.45,3069.57,4160.59,19.6291,5.111821,3.89,0.59,0,9,0,22
MJMA3EP2,M,JMA,3,EP,2,67.11,307.69,1011.92,2986.82,4249.38,7.8703,8.809524,7.77,0.93,0,1,0,14
MJMA3EQ2,M,JMA,3,EQ,2,68.3,300.44,1077.38,2937.89,4098.46,25.3827,7.714286,7.02,0.5,0,5,1,12
MJMA3ER2,M,JMA,3,ER,2,65.07,280.97,1147.97,2876.19,4082.66,13.5505,6.751055,7.14,0.88,0,2,0,16
MJMA3ES2,M,JMA,3,ES,2,64.85,292.43,1142.87,2961.48,4108.53,16.7435,5.952381,7.3,0.9,1,2,0,21
MJMA3ET2,M,JMA,3,ET,2,65.34,307.27,1057.07,2915.17,4174.95,9.9441,13.157895,7.47,0.81,0,3,0,16
MJMA3EU2,M,JMA,3,EU,2,65.95,304.45,1022.06,2726.79,4051.51,9.9394,6.373626,6.41,0.29,0,8,4,17
MJMA3EV2,M,JMA,3,EV,2,65.15,314.23,1221.02,2981.65,4211.35,13.5355,3.095238,6.43,0.43,0,1,0,7
MJMA3EW2,M,JMA,3,EW,2,62.88,303.6,1132.62,3012.06,4155.64,19.746,5.755396,6.19,1,0,0,0,9
MJMA3EX2,M,JMA,3,EX,2,64.93,308.59,1042.83,2941.99,4152.56,11.3099,7.912088,7.12,0.48,0,11,1,27
MJMC1AA2,M,JMC,1,AA,2,66.26,215.53,1084.24,2770.56,4065.57,20.5496,4.867257,5.74,0.38,0,9,1,16
MJMC1AB2,M,JMC,1,AB,2,67.78,215.36,1038.42,2735.55,3995,8.704,2.59366,6.5,0.14,0,9,3,14
MJMC1AC2,M,JMC,1,AC,2,66.79,218.31,1189.27,2693.62,4030.83,22.0371,2.486188,5.96,0.15,0,8,3,13
MJMC1AD2,M,JMC,1,AD,2,65.46,199.61,917.79,2730.76,4057.24,16.893,6.395349,7.93,0.22,0,5,3,9
MJMC1AE2,M,JMC,1,AE,2,66.57,204.15,1045.2,2997.54,4232.57,24.4427,8.214286,6.03,0.29,0,9,2,14
MJMC1AF2,M,JMC,1,AF,2,65.48,218.6,1196.03,2891.15,4215.44,15.2757,2.329749,5.35,0.24,0,15,1,21
MJMC1AG2,M,JMC,1,AG,2,64.41,216.97,1247.43,2970.07,4150.83,22.291,3.130016,5.61,0.47,1,14,1,30
MJMC1AH2,M,JMC,1,AH,2,68.15,216.53,1082.49,2862.89,4285.5,11.0449,5.970149,5.46,0.5,0,2,0,4
MJMC1AI2,M,JMC,1,AI,2,65.77,213.11,1169.52,2800.6,4119.35,18.667,3.860294,7.04,0.08,0,5,2,12
MJMC1AJ2,M,JMC,1,AJ,2,64.46,220.16,1316.5,2935,4139.43,20.5654,2.33463,5.11,0.21,0,11,3,19
MJMC1AK2,M,JMC,1,AK,2,65.08,214.24,1273.34,2900.98,4274.35,17.8089,5.309735,5.16,0.45,0,5,1,11
MJMC1AL2,M,JMC,1,AL,2,64.67,228.89,968.87,2694.68,4018.42,15.2382,5.394191,6.05,0.43,0,7,1,14
MJMC1AM2,M,JMC,1,AM,2,64.79,213.28,1147.46,2819.41,4158.45,16.4791,4.56942,5.45,0.55,0,5,0,11
MJMC1AN2,M,JMC,1,AN,2,66.88,210.17,958.86,2447.61,4065.17,13.8027,2.12766,6,0,0,7,3,11
MJMC1AO2,M,JMC,1,AO,2,65.55,212.78,1107.57,2704.24,4148.45,15.69,2.628285,4.67,0.44,0,8,2,18
MJMC1AP2,M,JMC,1,AP,2,64.32,217.09,1334.32,2826.82,4216.32,17.2062,4.261364,6.65,0.24,0,13,3,21
MJMC1AQ2,M,JMC,1,AQ,2,67.86,213.66,1095.13,2792.03,4159.76,11.5991,4.329004,6.63,0.25,0,7,2,12
MJMC1AR2,M,JMC,1,AR,2,65.76,213.9,1083.25,2618.95,4026.33,22.0576,2.351097,5.78,0.19,0,7,5,16
MJMC1AS2,M,JMC,1,AS,2,66.53,224.69,1209.81,2838.54,4089.02,9.8044,11.538462,1,0.25,0,18,2,28
MJMC1AT2,M,JMC,1,AT,2,65.46,221.47,1253.01,2867.51,4158.74,15.5733,3.239437,5,0.46,0,7,0,13
MJMC1AU2,M,JMC,1,AU,2,63.6,224.26,1451.23,3149.47,4292.41,15.6604,1.707317,5.73,0,0,7,5,12
MJMC1AV2,M,JMC,1,AV,2,65.66,222.58,1345.58,2930.38,4186.93,21.4795,3.131991,5.62,0.3,0,13,2,23
MJMC1AW2,M,JMC,1,AW,2,62.15,230.31,1373.76,3008.69,4253.73,15.342,1.415094,5.97,0.43,0,8,0,14
MJMC1AX2,M,JMC,1,AX,2,60.65,204.39,1031.35,2863.89,4291.58,-2.0961,0,5.37,0,0,5,1,6
MJMC1AY2,M,JMC,1,AY,2,66.14,222.49,1009.34,2705.57,4149.18,6.8587,9.79021,1,0.42,0,9,0,19
MJMC1AZ2,M,JMC,1,AZ,2,65.5,217.32,1223.09,2838.54,4158.43,17.224,2.338129,1,0.05,0,15,6,22
MJMC1BA2,M,JMC,1,BA,2,65.23,217.01,1132.31,2740.37,4061.54,20.1577,7.488987,6.45,0.22,0,17,4,27
MJMC1BB2,M,JMC,1,BB,2,65.97,232.92,1302.96,2962.94,4113.89,22.8012,5.19263,1,0.2,0,23,1,30
MJMC1BC2,M,JMC,1,BC,2,64.57,216.26,1246.32,2750.37,4295.35,19.5168,2.560647,5.42,0.19,0,19,4,27
MJMC1BD2,M,JMC,1,BD,2,64.59,216.59,1252.8,2957.78,4238.22,20.5837,4.669261,6.44,0.33,0,10,0,15
MJMC1BE2,M,JMC,1,BE,2,61.36,211.77,1308.46,3005.57,4255.72,5.5342,2.885822,5.68,0.31,0,8,3,16
MJMC1BF2,M,JMC,1,BF,2,64.91,221.37,1141.57,3005.55,4181.82,14.2462,5.643739,5.37,0.21,0,19,3,29
MJMC1BH2,M,JMC,1,BH,2,64.78,210.65,1136.81,2673.04,4106.52,19.3776,2.745665,5.02,0.23,0,14,3,22
MJMC1BI2,M,JMC,1,BI,2,65.26,222.08,1306.09,2753.7,4081.29,18.4928,2.772755,5.32,0.41,0,21,5,37
MJMC1BJ2,M,JMC,1,BJ,2,65.33,223.92,1243.91,2859.06,4231.9,5.5079,5.447471,6.86,0.24,0,16,0,21
MJMC1BK2,M,JMC,1,BK,2,65.54,211.67,1255.66,2792.93,4207.38,18.7284,3.435583,1,0.42,0,10,1,19
MJMC1BM2,M,JMC,1,BM,2,64.32,213.75,1245.88,3006.27,4260.54,17.595,4.43828,6.31,0.36,0,13,4,25
MJMC1BN2,M,JMC,1,BN,2,63.85,221.26,1293.07,2977.84,4168.86,20.2733,3.755869,1,0.36,0,15,1,25
MJMC1BO2,M,JMC,1,BO,2,67.36,209.95,910.69,2902.61,4211.18,2.0601,6.930693,6.63,0.5,0,1,1,6
MJMC1BP2,M,JMC,1,BP,2,64.38,208.34,1134.21,2753.14,4071.73,15.2762,3.162651,4.78,0.43,0,8,0,14
MJMC1BQ2,M,JMC,1,BQ,2,65.88,229.75,1085.44,2874.69,4130.67,19.4999,5.896226,5.3,0.22,0,19,2,27
MJMC1BR2,M,JMC,1,BR,2,64.78,204.42,1279.4,2989.25,4313.11,18.0753,2.15311,6.26,0.13,0,10,4,16
MJMC1BS2,M,JMC,1,BS,2,65.31,217.14,1125.4,2709.32,4124.84,16.4903,3.217391,5.56,0.28,0,24,5,39
MJMC1BT2,M,JMC,1,BT,2,67.05,224.95,1121.7,2804.33,4155.24,10.906,4.651163,5.9,0.37,0,10,1,19
MJMC1BU2,M,JMC,1,BU,2,66.04,220.86,1216.87,2758.89,4114.82,22.9676,2.683616,5.75,0.27,0,29,1,41
MJMC1BV2,M,JMC,1,BV,2,67.53,239.47,1333.7,2914.23,4235.48,16.3878,1.981982,5.23,0.19,0,14,3,21
MJMC1BW2,M,JMC,1,BW,2,66.36,222.34,1236.16,2928.38,4191.83,19.473,2.200303,4.21,0.13,0,20,3,31
MJMC1BX2,M,JMC,1,BX,2,66.75,220.86,1214.81,2797.62,4106.62,20.1858,2.769231,5.55,0.22,0,20,2,27
MJMC1BY2,M,JMC,1,BY,2,66.67,227.5,1347.53,2988.36,4263.81,10.0014,2.575107,5.97,0.11,0,13,3,18
MJMC1BZ2,M,JMC,1,BZ,2,64.79,228.96,1253.39,2883.38,4178.17,19.8099,3.050847,5.5,0.5,0,3,2,8
MJMC1CA2,M,JMC,1,CA,2,67.52,217.22,1018.54,2797.78,4165.86,24.0299,4.904632,6.16,0.33,0,8,2,15
MJMC1CB2,M,JMC,1,CB,2,65.38,215.51,1149.84,2777.55,4184.28,15.3535,6.410256,3.08,0.24,0,11,1,17
MJMC1CC2,M,JMC,1,CC,2,65.8,227.68,1351.76,2959.2,4159.66,17.2073,2.900378,5.36,0.25,0,16,2,24
MJMC1CD2,M,JMC,1,CD,2,67.73,232.27,1439.91,2993.36,4334.67,18.278,2.540416,5.19,0.3,0,5,2,10
MJMC1CE2,M,JMC,1,CE,2,64.37,223.04,1489.12,3125.11,4369.7,11.697,2.459016,5.28,0.36,0,5,1,11
MJMC1CF2,M,JMC,1,CF,2,65.56,225.33,1235.36,2584.16,4129.07,12.4856,3.294574,5.34,0.26,0,14,0,19
MJMC1CG2,M,JMC,1,CG,2,63.43,213.12,1226.37,2859.78,4041.54,16.3425,3.384615,6.91,0.32,0,14,1,22
MJMC1CH2,M,JMC,1,CH,2,66.1,219.85,1327.47,2825.99,4160.62,19.6355,4.045307,6.04,0.38,0,7,3,13
MJMC1CI2,M,JMC,1,CI,2,65.32,224.11,1246.48,2892.14,4058.43,15.3832,4,6.9,0.15,0,8,1,13
MJMC1CJ2,M,JMC,1,CJ,2,66.53,226.25,1209.13,2708.25,4155.15,-40,5.095541,1,0.5,0,4,1,10
MJMC1CK2,M,JMC,1,CK,2,64.45,221.27,1251.61,3000.81,4268.64,-1.1142,4.637681,5.86,0.47,0,7,0,15
MJMC1CL2,M,JMC,1,CL,2,67.21,219.03,1220.28,2802.72,4244.3,14.0759,5.275229,1,0.18,0,16,2,22
MJMC1CM2,M,JMC,1,CM,2,64.95,214.06,1299.54,2942.73,4194.96,18.0677,1.684533,5.23,0.28,0,12,6,25
MJMC1CN2,M,JMC,1,CN,2,65.75,215.32,1183.77,2879.67,4106.37,19.2097,3.42523,5.18,0.31,0,22,2,35
MJMC1CO2,M,JMC,1,CO,2,66.07,213.44,1082.93,2927.29,4242.06,-0.5071,5.263158,7.21,0,0,2,1,6
MJMC1CP2,M,JMC,1,CP,2,64.05,199.93,1258.44,2891.64,4131.41,19.445,3.675345,5.18,0.5,0,8,0,16
MJMC1CQ2,M,JMC,1,CQ,2,66.26,212.95,1282.96,2799.47,4176.76,7.1094,3.654485,5.81,0.38,0,14,1,24
MJMC1CR2,M,JMC,1,CR,2,65.83,228.84,1104.88,2700.28,4129.94,16.7586,3.233256,5.21,0.26,0,10,4,19
MJMC1CS2,M,JMC,1,CS,2,65.13,213.56,1306.3,2933.55,4242.1,18.9551,2.326901,5.16,0.31,0,22,1,35
MJMC1CT2,M,JMC,1,CT,2,67.14,213.99,1001.59,2580.34,4093.15,4.1384,7.563025,6.56,0.57,1,1,2,7
MJMC1CU2,M,JMC,1,CU,2,64.08,212.82,1254.32,2834.73,4163.57,21.8582,4.811715,5.08,0.29,0,17,5,31
MJMC1CV2,M,JMC,1,CV,2,66.02,196.91,1093.79,2537.51,3957.77,8.8755,3.636364,1,0.15,0,8,3,13
MJMC1CW2,M,JMC,1,CW,2,66.35,216.4,1232.78,2757.61,4157.25,22.478,2.967359,4.83,0.46,0,6,1,13
MJMC1CX2,M,JMC,1,CX,2,65.51,205.28,1351.76,2879.76,4172.61,18.2196,2.173913,6.05,0.38,0,12,2,26
MJMC1CY2,M,JMC,1,CY,2,66.7,195.11,1023.12,2666.45,4025.03,2.038,5.5,5.01,0.5,0,4,1,8
MJMC1CZ2,M,JMC,1,CZ,2,67.41,214.52,1155.24,2783.01,4070.07,16.3821,5.028736,1,0.24,0,15,3,25
MJMC1DA2,M,JMC,1,DA,2,68.38,222.2,868.36,2572.24,4003.44,8.1507,5.179283,6.47,0.38,0,2,3,8
MJMC1DB2,M,JMC,1,DB,2,67.89,221.96,1228.7,2914.27,4170.56,20.0008,4.564315,5.5,0.35,0,10,1,17
MJMC1DC2,M,JMC,1,DC,2,65.89,215.31,1276.92,2875.93,4228.51,18.4973,2.536232,5.51,0.23,0,29,2,40
MJMC1DD2,M,JMC,1,DD,2,65.35,202.43,833.16,2680.91,4033.59,-40,2.1875,5.63,0.8,0,0,1,5
MJMC1DE2,M,JMC,1,DE,2,65.66,220.05,1247.48,2911.07,4130.03,18.7751,3.168568,6.21,0.4,0,11,1,20
MJMC1DF2,M,JMC,1,DF,2,67.38,253.69,1405.16,3016.25,4266.33,8.5194,0.9375,6.06,0,0,4,2,6
MJMC1DG2,M,JMC,1,DG,2,65.98,222.67,1236.52,2792.47,4125.06,13.3973,2.003817,5.45,0.38,0,7,3,16
MJMC1DH2,M,JMC,1,DH,2,67.46,215.11,1201.19,2790.14,4145.4,19.2691,3.102041,4.95,0.42,0,18,0,31
MJMC1DI2,M,JMC,1,DI,2,67.88,233.68,1227.08,2813.3,4207.52,25.7162,2.281369,3.16,0.27,0,9,0,15
MJMC1DJ2,M,JMC,1,DJ,2,65.31,220.27,1291.03,2765.19,4128.31,20.7046,2.440068,5.59,0.26,0,27,14,50
MJMC1DK2,M,JMC,1,DK,2,65.38,229.68,1297.5,2849.18,4123.89,20.3724,4.248623,5.79,0.14,0,28,12,50
MJMC1DL2,M,JMC,1,DL,2,66.77,225.45,1270.18,2998.65,4254.63,4.8226,3.348214,4.75,0.29,0,10,4,21
MJMC1DM2,M,JMC,1,DM,2,66.75,223.72,1233.12,2846.4,4171.13,16.6049,1.901141,4.08,0.17,0,12,3,18
MJMC1DN2,M,JMC,1,DN,2,65.89,218.22,1249,2880.97,4087.14,18.2936,2.646503,4.72,0.45,0,4,1,11
MJMC1DO2,M,JMC,1,DO,2,66.42,220.2,1292.42,2904.26,4209.35,15.9084,2.807971,5,0.23,0,20,3,30
MJMC1DP2,M,JMC,1,DP,2,65.78,237.74,1352.26,2767.77,4147.56,13.75,2.277433,5.86,0.09,0,12,8,22
MJMC1DQ2,M,JMC,1,DQ,2,64.9,208.56,1147.52,2812.89,4120.98,3.4778,6.756757,6.14,0.3,0,15,4,23
MJMC1DR2,M,JMC,1,DR,2,67.8,208.53,1160.34,2814.66,4182.45,21.4803,3.275109,3.99,0.38,0,10,0,16
MJMC1DT2,M,JMC,1,DT,2,66.85,210.54,1271.52,2897.6,4245.43,20.7897,2.959184,4.46,0.27,0,18,2,30
MJMC1DU2,M,JMC,1,DU,2,64.26,207.75,1337.57,3075.1,4324.89,7.5549,6.451613,7.08,0.3,0,4,2,10
MJMC1DV2,M,JMC,1,DV,2,63.83,231.19,1404.77,3057.72,4313.46,16.9446,2.896996,5.15,0.28,0,13,3,25
MJMC1DW2,M,JMC,1,DW,2,65.97,233.94,1350.36,2947.14,4194.92,15.9003,2.944507,5.43,0.3,0,13,0,20
MJMC1DX2,M,JMC,1,DX,2,64.18,242.06,1286.67,2863.66,4205.89,1.3168,3.892216,6.04,0.12,0,14,1,17
MJMC1DY2,M,JMC,1,DY,2,65.74,223.08,1307.53,2870.17,4229.63,21.6271,5.182568,5.05,0.26,0,20,3,31
MJMC2DZ2,M,JMC,2,DZ,2,64.97,221.1,1319.56,2897.7,4177.82,18.8107,3.479037,5.01,0.28,0,20,4,32
MJMC3EA2,M,JMC,3,EA,2,64.39,224.81,1136.51,2762.16,4233.72,6.8831,4.418605,5.49,0.42,0,6,1,12
MJMC3EC2,M,JMC,3,EC,2,67.22,230.21,1130.81,2681.29,4132.2,22.9167,2.699619772,1,0.21,0,58,10,80
MJMC3ED2,M,JMC,3,ED,2,66.76,227.44,1292.98,2742.37,4115.62,21.2469,3.009576,5.66,0.16,0,12,4,19
MJMC3EE2,M,JMC,3,EE,2,65,216.08,1170.07,2687.36,4056.18,9.4887,4.735062,1,0.3,0,15,8,30
MJMC3EF2,M,JMC,3,EF,2,62.47,222.01,1349.66,2839.61,4153.29,15.9103,2.547771,5.17,0.2,0,26,7,41
MJMC3EG2,M,JMC,3,EG,2,64.35,227.56,1259.68,2771.66,4097.38,17.3096,1.797945,5.12,0.21,0,31,4,48
MJMC3EH2,M,JMC,3,EH,2,64.79,224.98,1242.96,2836.39,4167.7,17.3619,2.453196,4.88,0.26,0,27,5,46
MJMC3EI2,M,JMC,3,EI,2,66.79,249.61,1194.11,2903.28,4228.64,15.2446,3.206997,5.35,0.12,0,12,2,17
MJMC3EJ2,M,JMC,3,EJ,2,66.77,233.84,1314.5,2806.25,4119.7,18.8118,2.073171,4.07,0.17,0,13,7,23
MJMC3EK2,M,JMC,3,EK,2,65.49,229.87,1369.94,2936.48,4138.37,18.9065,1.426426,6.19,0.17,0,21,1,29
MJMC3EL2,M,JMC,3,EL,2,64.36,219.07,1420.54,3008.75,4223,15.5081,2.410714,1.42,0.16,0,15,5,25
MJMC3EM2,M,JMC,3,EM,2,63.4,223.6,1293.6,2903.21,4193.9,20.42,2.646557,5.39,0.33,0,48,11,87
MJMC3EN2,M,JMC,3,EN,2,65.43,250.73,1254.72,2983.18,4217.85,18.8968,1.97201,5.02,0.07,0,15,11,28
MJMC3EO2,M,JMC,3,EO,2,64.87,235.7,1308.19,2939.29,4164.71,15.8524,2.606484,4.35,0.4,0,23,0,40
MJMC3EP2,M,JMC,3,EP,2,68.06,226.49,1254.91,2891.52,4181.52,25.2578,3.590193,6.18,0.32,0,20,2,34
MJMC3EQ2,M,JMC,3,EQ,2,66.58,227.56,1289.89,2803.32,4104,15.8569,3.412969,6.94,0.28,0,10,3,18
MJMC3ER2,M,JMC,3,ER,2,66.9,243.45,1232.69,2771.38,4112.8,15.6088,2.65319,1,0.14,0,29,8,44
MJMC3ES2,M,JMC,3,ES,2,65.58,234.52,1227.08,2892.95,4207.27,18.8553,2.656546,5.19,0.29,0,14,10,38
MJMC3ET2,M,JMC,3,ET,2,64.38,230.04,1266.4,2778.21,4076.21,8.1602,4.136947,4.59,0.28,0,15,5,29
MJMC3EU2,M,JMC,3,EU,2,67.66,226.71,1190.89,2769.32,4080.32,22.6852,3.088803,6.19,0.39,0,5,6,18
MJMC3EW2,M,JMC,3,EW,2,66.37,214.2,1295.8,2888.96,4186.78,20.3663,3.395703,1,0.32,0,18,6,37
MJMC3EX2,M,JMC,3,EX,2,65.78,227.56,1275.58,2777.2,4150.53,20.1251,3.584019,1,0.29,0,33,0,49
MLEA1AA2,M,LEA,1,AA,2,72.15,328,1313.38,2762.06,4087.75,17.9372,3.882915,5.93,0.16,0,29,9,45
MLEA1AB2,M,LEA,1,AB,2,80.02,338.53,1150.27,2827.83,4097.96,24.8706,1.693480143,4.92,0.16,0,8,8,19
MLEA1AC2,M,LEA,1,AC,2,76.24,328.36,1433.14,2778.99,4256.39,26.6014,3.296703,4.83,0.55,0,4,0,11
MLEA1AD2,M,LEA,1,AD,2,78.59,361,1168.4,2779.48,4085.67,20.0266,1.858108,4.48,0.6,0,1,2,5
MLEA1AE2,M,LEA,1,AE,2,79.59,338.41,1344.43,2823.19,4150.55,29.5702,1.787488,4.04,0.5,0,1,4,8
MLEA1AF2,M,LEA,1,AF,2,79.97,316.3,1176.58,2764.83,4150.35,17.6467,4.336043,1,0.13,0,11,3,16
MLEA1AG2,M,LEA,1,AG,2,75.68,339.84,1232.54,2748.66,4095.15,25.6579,2.552881,4.97,0.39,2,1,5,18
MLEA1AH2,M,LEA,1,AH,2,81.2,349.02,1207.42,2793.77,4167.14,27.2667,2.140078,4.32,0,0,4,4,8
MLEA1AI2,M,LEA,1,AI,2,82.07,338.69,1400.3,2975.84,4433.08,11.7927,1.589242,7.04,0,0,4,7,12
MLEA1AJ2,M,LEA,1,AJ,2,79,321.88,1293.83,2611.43,4139.02,27.994,1.929625,6.1,0.3,0,4,3,10
MLEA1AK2,M,LEA,1,AK,2,82.43,360.35,1380.9,2710.45,4158.96,26.5638,1.556886,7.37,0.2,0,2,7,10
MLEA1AL2,M,LEA,1,AL,2,76.61,347.41,1253.07,2781.34,4057.07,28.2197,2.682403,5.07,0.56,0,3,0,9
MLEA1AM2,M,LEA,1,AM,2,78.52,332.83,1256.14,2718.69,4083.33,28.9626,2.240566,5.45,0.4,0,3,5,10
MLEA1AN2,M,LEA,1,AN,2,82.36,358.04,1363.95,2802.44,4284.47,21.2552,2.386635,6.43,0.38,0,2,5,8
MLEA1AO2,M,LEA,1,AO,2,82.03,345.44,1270.1,2663.37,4164.17,29.2765,1.850534,4.91,0.31,3,0,12,13
MLEA1AP2,M,LEA,1,AP,2,81.2,352.99,1351.01,2888.08,4271.78,24.3425,1.747088,5.86,0.15,0,1,11,13
MLEA1AQ2,M,LEA,1,AQ,2,81.86,349.48,1347.67,2907.05,4359.37,22.3008,5.782793,5.74,0.47,0,6,3,17
MLEA1AR2,M,LEA,1,AR,2,80.88,343.56,1398.67,2749.85,4340.62,17.191,5.363985,1,0.26,0,13,4,23
MLEA1AS2,M,LEA,1,AS,2,78.76,366.58,1424.8,2851.62,4194.99,27.4535,1.720311,5.1,0.24,2,8,6,21
MLEA1AT2,M,LEA,1,AT,2,79.06,360.63,1286.37,2706.65,4123.56,27.4806,3.211991,1,0.21,0,10,3,19
MLEA1AU2,M,LEA,1,AU,2,79.61,367.15,1375.13,2759.43,4211.35,26.3578,2.637363,5.21,0.29,0,9,9,21
MLSS1AA2,M,LSS,1,AA,2,71.26,325.69,1163.95,2651.95,4153.08,22.9275,2.47191,5.1,0.41,0,9,1,17
MLSS1AB2,M,LSS,1,AB,2,69.43,319.03,1281.94,2701.25,4189.76,16.1347,2.092511,3.91,0.14,0,16,11,28
MLSS1AC2,M,LSS,1,AC,2,64.95,254.09,1253.02,2774.44,4230.72,22.1384,2.60521,5.7,0.29,0,9,1,14
MLSS1AD2,M,LSS,1,AD,2,65.18,291.89,1146.69,2771.95,4140.84,19.0279,1.763224,7.18,0.17,0,17,2,23
MLSS1AE2,M,LSS,1,AE,2,65.17,291.65,1269.48,2849.14,4214.84,22.9946,3.119869,5.64,0.32,0,11,5,19
MLSS1AF2,M,LSS,1,AF,2,71.59,308.47,1083.02,2948.82,4367.41,26.9896,2.645503,3.87,0.21,0,10,1,14
MLSS1AG2,M,LSS,1,AG,2,64.4,280.44,1209.93,2878.14,4353.62,24.4726,1.794872,4.23,0.48,0,12,4,29
MLSS1AH1,M,LSS,1,AH,1,70.53,292.69,1049.59,2954.92,4476.63,4.8601,3.174603,4.24,0.5,0,0,2,2
MLSS1AI2,M,LSS,1,AI,2,66.38,287.28,1217.99,2980.19,4399.04,2.4596,1.167315,4.41,0.31,0,9,0,13
MLSS1AJ2,M,LSS,1,AJ,2,69.23,296.35,1041.31,2906.54,4328.31,17.2101,2.518892,3.48,0.5,0,4,1,8
MLSS1AK1,M,LSS,1,AK,1,68.32,290.26,1181.32,2768.22,4358.27,15.9343,4.248366,4.96,1,0,0,0,6
MLSS1AL2,M,LSS,1,AL,2,66.76,288.25,1061.62,2929.46,4323.49,15.712,2.848576,5.39,0.36,0,14,0,22
MLSS1AM2,M,LSS,1,AM,2,66.55,285.11,1108.15,2756.96,4159.54,14.9887,1.489118,6,0.08,0,14,6,26
MLSS1AN2,M,LSS,1,AN,2,66.47,290.16,1234.32,2687.37,4346.24,18.6731,0.605449,5.23,0.06,0,9,7,17
MLSS1AO2,M,LSS,1,AO,2,66.53,284.06,1179.01,2787.93,4353.56,17.8706,1.438849,4,0.36,0,12,2,22
MLSS1AP2,M,LSS,1,AP,2,64.82,285.49,1271.51,2878,4289.85,21.5095,1.998097,5.18,0.35,0,9,2,17
MLSS1AQ2,M,LSS,1,AQ,2,68.64,298.2,1064.6,2804.18,4319.63,10.833,1.694915,4.4,0.12,0,12,3,17
MLSS1AR2,M,LSS,1,AR,2,64.53,283.13,1196.45,2785.41,4212.34,17.3286,1.5625,5.28,0.25,0,9,3,16
MLSS1AS2,M,LSS,1,AS,2,66.35,282.93,1226.9,2988.79,4388.87,20.7253,3.04878,3.88,0.25,0,11,3,20
MLSS1AT2,M,LSS,1,AT,2,63.9,292.92,1126.62,2908.56,4104.71,15.8131,1.944895,5.57,0.33,0,8,2,15
MLSS1AU2,M,LSS,1,AU,2,64.11,276.19,1262.51,2817.84,4179.38,22.1084,1.84528,4.45,0.32,0,17,2,28
MLSS1AV2,M,LSS,1,AV,2,62.31,249.55,1393.51,2978.96,4310.14,20.0737,1.936733,4.22,0.31,0,12,6,26
MLSS1AW1,M,LSS,1,AW,1,65.81,281.43,1151.94,2995.92,4267.05,13.2389,4.402516,5.18,1,0,0,0,5
MLSS1AX2,M,LSS,1,AX,2,66.11,294.56,1228.51,2746.86,4236.96,10.3229,3.076923,5.38,0.17,0,5,5,12
MLSS1AY2,M,LSS,1,AY,2,66.9,292.3,1120.44,2941.33,4280.9,16.9538,3.148615,4.32,0.26,0,16,1,23
MLSS1AZ2,M,LSS,1,AZ,2,65.74,294.78,1401.94,2917.51,4364.36,5.9817,2.866242,4.48,0.36,0,9,0,14
MLSS1BA2,M,LSS,1,BA,2,63.28,282.39,1332.76,2958.67,4357.38,17.8591,2.329193,4.67,0.22,0,12,6,23
MLSS1BB2,M,LSS,1,BB,2,66.4,299.25,1146.22,3058.12,4315.07,17.9384,4.831933,5.59,0.62,0,5,0,13
MLSS1BC2,M,LSS,1,BC,2,65.1,288.4,1380.47,2966.71,4407.28,14.2084,2.716049,6.13,0.17,0,20,6,29
MLSS1BD2,M,LSS,1,BD,2,61.85,293.98,1133.1,2963.22,4331.43,16.293,2.834646,5.6,0.67,0,2,0,6
MLSS1BE2,M,LSS,1,BE,2,64.25,291.83,1244.4,2923.24,4269.02,15.7825,1.791045,5.05,0.5,0,10,0,20
MLSS1BF2,M,LSS,1,BF,2,64.45,280.85,1333.42,2973.7,4460.52,17.7525,1.48771,4.02,0.34,0,18,5,32
MLSS1BG2,M,LSS,1,BG,2,65.7,295.11,1288.68,3077.68,4414.35,14.1492,3.001876,5.82,0.35,0,9,3,17
MLSS1BH2,M,LSS,1,BH,2,65.81,288.6,1155,2728.86,4195.34,11.5402,2.941176,4.98,0.4,0,8,1,15
MLSS1BI2,M,LSS,1,BI,2,64.22,265.17,1282.3,2720.37,4200.57,13.9288,2.056359,5.43,0.36,0,14,4,25
MLSS1BJ2,M,LSS,1,BJ,2,61.67,291.07,1180.67,2813.52,4310.54,16.5329,1.739927,5.42,0.11,0,14,1,18
MLSS1BK2,M,LSS,1,BK,2,62.36,281.25,1330.46,2852.16,4306.54,16.2025,1.532312,5.51,0.38,0,21,4,37
MLSS1BL2,M,LSS,1,BL,2,66.52,291.97,1157.23,2748.66,4372.66,13.7558,5.588235,4.76,0.33,0,8,0,12
MLSS1BM2,M,LSS,1,BM,2,65.12,265.8,1333.55,2896.81,4267.57,21.2325,2.144772,5.12,0.23,0,17,6,30
MLSS1BN2,M,LSS,1,BN,2,66.62,284.76,1184.73,2913.02,4385.08,19.683,5.128205,5.09,0.28,0,15,3,25
MLSS1BO2,M,LSS,1,BO,2,64.95,276.65,1295.09,3161.96,4583.7,12.9208,3.773585,6.56,0.23,0,8,2,13
MLSS1BQ2,M,LSS,1,BQ,2,61.42,270.04,1263.23,3033.68,4429.42,15.8008,3.69863,5.77,0.33,0,12,2,21
MMXH1AA2,M,MXH,1,AA,2,41.8,351.37,1606.13,2786.89,4074.74,6.011,0,5.89,0,0,2,1,3
MMXH1AB2,M,MXH,1,AB,2,65.6,220.17,1204.08,2881.32,3880.48,2.1831,0,4.9,0,0,6,2,8
MMXH1AC2,M,MXH,1,AC,2,69.64,220.86,1259.95,2363.59,3852.77,0.0399,0,6.2,0,0,7,1,8
MMXH1AD2,M,MXH,1,AD,2,66.35,255.46,1411.78,2725.55,4027.47,17.5721,2.266667,5.43,0.2,0,15,2,20
MMXH1AE2,M,MXH,1,AE,2,65.43,229.26,1568.16,2828.13,4088.88,17.1886,0.762195,3.83,0.05,0,15,5,22
MMXH1AF2,M,MXH,1,AF,2,62.66,223.58,1601.69,2817.57,4138.97,18.8812,1.25261,3.34,0.5,1,0,3,4
MMXH1AG2,M,MXH,1,AG,2,70.6,241.21,1232.34,2766.3,3990.15,21.8862,0.792666006,3.92,0.23,0,11,7,22
MMXH1AH2,M,MXH,1,AH,2,72.48,265.78,1037.49,2802.16,4026.33,9.5782,0,1,0,0,3,1,4
MMXH1AI2,M,MXH,1,AI,2,70.12,235.08,1341.3,2723.1,4023.59,21.3886,0.875,3.36,0.19,0,9,6,16
MMXH1AJ2,M,MXH,1,AJ,2,69.25,236.57,1506.76,2800.44,4121.9,30.1398,1.956272,4.67,0.21,0,14,0,19
MMXH1AK2,M,MXH,1,AK,2,67.34,231.96,1288.53,2503.59,3943.34,22.7587,0.883838,5.19,0.15,0,13,4,20
MMXH1AL2,M,MXH,1,AL,2,65.62,239.4,1273.53,2709.47,3965.15,24.5169,13.422819,3.83,0.13,0,8,4,16
MMXH1AM2,M,MXH,1,AM,2,68.67,253.53,1235.88,2636.68,3891.82,21.0355,0.70922,4.08,0,0,10,6,16
MMXH1AN2,M,MXH,1,AN,2,75.71,224.1,1386.4,2635.9,4119.09,17.3293,1.515152,3.09,0,1,0,6,7
MMXH1AO2,M,MXH,1,AO,2,71.95,219.93,1280.79,2713.5,4055.21,33.4606,1.167315,3.22,0.17,0,8,3,12
